id,colour,gene
ENSG00000000419,greenyellow,DPM1
ENSG00000000938,turquoise,FGR
ENSG00000001631,brown,KRIT1
ENSG00000002330,black,BAD
ENSG00000002549,green,LAP3
ENSG00000002834,turquoise,LASP1
ENSG00000002919,black,SNX11
ENSG00000003137,turquoise,CYP26B1
ENSG00000003402,brown,CFLAR
ENSG00000003436,blue,TFPI
ENSG00000003756,brown,RBM5
ENSG00000003989,blue,SLC7A2
ENSG00000004142,black,POLDIP2
ENSG00000004399,green,PLXND1
ENSG00000004534,brown,RBM6
ENSG00000004660,brown,CAMKK1
ENSG00000004779,black,NDUFAB1
ENSG00000004866,purple,ST7
ENSG00000004939,turquoise,SLC4A1
ENSG00000004975,black,DVL2
ENSG00000005108,blue,THSD7A
ENSG00000005194,black,CIAPIN1
ENSG00000005243,green,COPZ2
ENSG00000005486,black,RHBDD2
ENSG00000005812,blue,FBXL3
ENSG00000005844,turquoise,ITGAL
ENSG00000005893,black,LAMP2
ENSG00000006042,green,TMEM98
ENSG00000006075,turquoise,CCL3
ENSG00000006118,black,TMEM132A
ENSG00000006327,black,TNFRSF12A
ENSG00000006459,greenyellow,KDM7A
ENSG00000006534,turquoise,ALDH3B1
ENSG00000006625,pink,GGCT
ENSG00000006659,blue,LGALS14
ENSG00000006712,blue,PAF1
ENSG00000006837,brown,CDKL3
ENSG00000007047,turquoise,MARK4
ENSG00000007255,black,TRAPPC6A
ENSG00000007392,brown,LUC7L
ENSG00000007541,black,PIGQ
ENSG00000007944,black,MYLIP
ENSG00000007968,turquoise,E2F2
ENSG00000008130,black,NADK
ENSG00000008283,black,CYB561
ENSG00000008311,brown,AASS
ENSG00000008323,black,PLEKHG6
ENSG00000008394,turquoise,MGST1
ENSG00000008441,turquoise,NFIX
ENSG00000008513,black,ST3GAL1
ENSG00000008952,blue,SEC62
ENSG00000009413,brown,REV3L
ENSG00000009950,brown,MLXIPL
ENSG00000010017,blue,RANBP9
ENSG00000010256,black,UQCRC1
ENSG00000010278,turquoise,CD9
ENSG00000010327,green,STAB1
ENSG00000010610,green,CD4
ENSG00000010810,turquoise,FYN
ENSG00000011009,black,LYPLA2
ENSG00000011028,turquoise,MRC2
ENSG00000011198,black,ABHD5
ENSG00000011258,brown,MBTD1
ENSG00000011422,turquoise,PLAUR
ENSG00000011426,pink,ANLN
ENSG00000011465,turquoise,DCN
ENSG00000011566,blue,MAP4K3
ENSG00000011600,green,TYROBP
ENSG00000011638,green,TMEM159
ENSG00000012232,turquoise,EXTL3
ENSG00000012983,brown,MAP4K5
ENSG00000013275,black,PSMC4
ENSG00000013374,greenyellow,NUB1
ENSG00000013441,brown,CLK1
ENSG00000013588,turquoise,GPRC5A
ENSG00000013810,green,TACC3
ENSG00000014216,black,CAPN1
ENSG00000014641,black,MDH1
ENSG00000015285,green,WAS
ENSG00000015676,black,NUDCD3
ENSG00000017797,blue,RALBP1
ENSG00000018189,brown,RUFY3
ENSG00000019582,green,CD74
ENSG00000019995,blue,ZRANB1
ENSG00000020577,turquoise,SAMD4A
ENSG00000022277,black,RTFDC1
ENSG00000023171,black,GRAMD1B
ENSG00000023191,black,RNH1
ENSG00000024422,turquoise,EHD2
ENSG00000024526,pink,DEPDC1
ENSG00000025708,green,TYMP
ENSG00000025770,black,NCAPH2
ENSG00000025800,black,KPNA6
ENSG00000026025,turquoise,VIM
ENSG00000026297,turquoise,RNASET2
ENSG00000027697,black,IFNGR1
ENSG00000029363,greenyellow,BCLAF1
ENSG00000029364,black,SLC39A9
ENSG00000029534,turquoise,ANK1
ENSG00000029993,purple,HMGB3
ENSG00000030110,salmon,BAK1
ENSG00000030419,blue,IKZF2
ENSG00000030582,black,GRN
ENSG00000032219,brown,ARID4A
ENSG00000032444,black,PNPLA6
ENSG00000033100,black,CHPF2
ENSG00000033170,black,FUT8
ENSG00000033867,turquoise,SLC4A7
ENSG00000035403,turquoise,VCL
ENSG00000035664,brown,DAPK2
ENSG00000035862,black,TIMP2
ENSG00000036530,brown,CYP46A1
ENSG00000037280,blue,FLT4
ENSG00000038210,brown,PI4K2B
ENSG00000038219,brown,BOD1L1
ENSG00000038945,turquoise,MSR1
ENSG00000039560,blue,RAI14
ENSG00000040633,black,PHF23
ENSG00000041353,turquoise,RAB27B
ENSG00000041982,turquoise,TNC
ENSG00000042062,brown,FAM65C
ENSG00000042493,turquoise,CAPG
ENSG00000042753,black,AP2S1
ENSG00000042980,turquoise,ADAM28
ENSG00000046651,brown,OFD1
ENSG00000047188,brown,YTHDC2
ENSG00000047249,black,ATP6V1H
ENSG00000047410,brown,TPR
ENSG00000047597,turquoise,XK
ENSG00000047644,purple,WWC3
ENSG00000047849,green,MAP4
ENSG00000048140,green,TSPAN17
ENSG00000048649,brown,RSF1
ENSG00000048828,purple,FAM120A
ENSG00000049540,green,ELN
ENSG00000049656,black,CLPTM1L
ENSG00000050165,turquoise,DKK3
ENSG00000050344,pink,NFE2L3
ENSG00000050393,blue,MCUR1
ENSG00000050438,brown,SLC4A8
ENSG00000051108,purple,HERPUD1
ENSG00000051128,green,HOMER3
ENSG00000051180,pink,RAD51
ENSG00000052344,black,PRSS8
ENSG00000052841,blue,TTC17
ENSG00000053371,black,AKR7A2
ENSG00000053524,brown,MCF2L2
ENSG00000053747,turquoise,LAMA3
ENSG00000054116,black,TRAPPC3
ENSG00000054148,black,PHPT1
ENSG00000054267,brown,ARID4B
ENSG00000054277,black,OPN3
ENSG00000054654,brown,SYNE2
ENSG00000055044,brown,NOP58
ENSG00000055070,black,SZRD1
ENSG00000056097,blue,ZFR
ENSG00000056972,black,TRAF3IP2
ENSG00000057252,turquoise,SOAT1
ENSG00000057294,purple,PKP2
ENSG00000058085,turquoise,LAMC2
ENSG00000058262,black,SEC61A1
ENSG00000058272,brown,PPP1R12A
ENSG00000058673,blue,ZC3H11A
ENSG00000059377,green,TBXAS1
ENSG00000059378,turquoise,PARP12
ENSG00000059728,blue,MXD1
ENSG00000059804,turquoise,SLC2A3
ENSG00000060069,black,CTDP1
ENSG00000060339,brown,CCAR1
ENSG00000060558,green,GNA15
ENSG00000060642,black,PIGV
ENSG00000061936,brown,SFSWAP
ENSG00000061987,brown,MON2
ENSG00000062038,pink,CDH3
ENSG00000062725,blue,APPBP2
ENSG00000063245,black,EPN1
ENSG00000063601,blue,MTMR1
ENSG00000064042,purple,LIMCH1
ENSG00000064225,black,ST3GAL6
ENSG00000064490,black,RFXANK
ENSG00000064601,black,CTSA
ENSG00000064652,blue,SNX24
ENSG00000064666,turquoise,CNN2
ENSG00000065154,green,OAT
ENSG00000065308,black,TRAM2
ENSG00000065328,pink,MCM10
ENSG00000065361,blue,ERBB3
ENSG00000065427,black,KARS
ENSG00000065485,turquoise,PDIA5
ENSG00000065548,blue,ZC3H15
ENSG00000065613,greenyellow,SLK
ENSG00000065615,brown,CYB5R4
ENSG00000065618,turquoise,COL17A1
ENSG00000065621,turquoise,GSTO2
ENSG00000065882,blue,TBC1D1
ENSG00000065911,green,MTHFD2
ENSG00000065989,turquoise,PDE4A
ENSG00000066084,blue,DIP2B
ENSG00000066279,pink,ASPM
ENSG00000066322,black,ELOVL1
ENSG00000066336,green,SPI1
ENSG00000066455,blue,GOLGA5
ENSG00000066735,green,KIF26A
ENSG00000066855,blue,MTFR1
ENSG00000066923,brown,STAG3
ENSG00000066933,blue,MYO9A
ENSG00000067057,turquoise,PFKP
ENSG00000067182,black,TNFRSF1A
ENSG00000067225,purple,PKM
ENSG00000067704,black,IARS2
ENSG00000067798,brown,NAV3
ENSG00000068366,blue,ACSL4
ENSG00000068438,turquoise,FTSJ1
ENSG00000068697,black,LAPTM4A
ENSG00000068796,purple,KIF2A
ENSG00000068912,blue,ERLEC1
ENSG00000069020,purple,MAST4
ENSG00000069424,turquoise,KCNAB2
ENSG00000069431,brown,ABCC9
ENSG00000069493,brown,CLEC2D
ENSG00000069667,blue,RORA
ENSG00000069702,blue,TGFBR3
ENSG00000069812,black,HES2
ENSG00000069849,black,ATP1B3
ENSG00000069869,brown,NEDD4
ENSG00000069956,blue,MAPK6
ENSG00000069966,turquoise,GNB5
ENSG00000070081,blue,NUCB2
ENSG00000070214,black,SLC44A1
ENSG00000070404,purple,FSTL3
ENSG00000070413,black,DGCR2
ENSG00000070423,black,RNF126
ENSG00000070601,brown,FRMPD1
ENSG00000070770,purple,CSNK2A2
ENSG00000071082,black,RPL31
ENSG00000071205,turquoise,ARHGAP10
ENSG00000071655,black,MBD3
ENSG00000071889,black,FAM3A
ENSG00000071967,turquoise,CYBRD1
ENSG00000072042,blue,RDH11
ENSG00000072071,green,LPHN1
ENSG00000072080,brown,SPP2
ENSG00000072110,turquoise,ACTN1
ENSG00000072310,black,SREBF1
ENSG00000072415,blue,MPP5
ENSG00000072422,blue,RHOBTB1
ENSG00000072518,black,MARK2
ENSG00000072571,pink,HMMR
ENSG00000072952,turquoise,MRVI1
ENSG00000072958,black,AP1M1
ENSG00000073111,salmon,MCM2
ENSG00000073605,brown,GSDMB
ENSG00000073711,blue,PPP2R3A
ENSG00000073792,greenyellow,IGF2BP2
ENSG00000074319,black,TSG101
ENSG00000074590,turquoise,NUAK1
ENSG00000074695,blue,LMAN1
ENSG00000074696,black,PTPLAD1
ENSG00000074842,black,C19orf10
ENSG00000074935,brown,TUBE1
ENSG00000074966,blue,TXK
ENSG00000075218,pink,GTSE1
ENSG00000075223,turquoise,SEMA3C
ENSG00000075275,turquoise,CELSR1
ENSG00000075292,brown,ZNF638
ENSG00000075391,blue,RASAL2
ENSG00000075407,brown,ZNF37A
ENSG00000075415,black,SLC25A3
ENSG00000075420,blue,FNDC3B
ENSG00000075568,blue,TMEM131
ENSG00000075624,turquoise,ACTB
ENSG00000075702,brown,WDR62
ENSG00000075790,blue,BCAP29
ENSG00000076003,pink,MCM6
ENSG00000076513,blue,ANKRD13A
ENSG00000076662,green,ICAM3
ENSG00000076706,turquoise,MCAM
ENSG00000076716,turquoise,GPC4
ENSG00000076770,blue,MBNL3
ENSG00000077147,blue,TM9SF3
ENSG00000077232,brown,DNAJC10
ENSG00000077264,blue,PAK3
ENSG00000077274,blue,CAPN6
ENSG00000077420,turquoise,APBB1IP
ENSG00000077458,brown,FAM76B
ENSG00000077463,black,SIRT6
ENSG00000077721,blue,UBE2A
ENSG00000077782,turquoise,FGFR1
ENSG00000078061,black,ARAF
ENSG00000078114,blue,NEBL
ENSG00000078124,blue,ACER3
ENSG00000078177,greenyellow,N4BP2
ENSG00000078246,greenyellow,TULP3
ENSG00000078401,turquoise,EDN1
ENSG00000078403,brown,MLLT10
ENSG00000078795,brown,PKD2L2
ENSG00000078808,black,SDF4
ENSG00000078814,brown,MYH7B
ENSG00000078902,black,TOLLIP
ENSG00000079134,brown,THOC1
ENSG00000079308,green,TNS1
ENSG00000079805,purple,DNM2
ENSG00000079950,greenyellow,STX7
ENSG00000079999,black,KEAP1
ENSG00000080189,black,SLC35C2
ENSG00000080345,greenyellow,RIF1
ENSG00000080608,greenyellow,KIAA0020
ENSG00000080802,greenyellow,CNOT4
ENSG00000080822,greenyellow,CLDND1
ENSG00000080823,brown,MOK
ENSG00000080947,brown,CROCCP3
ENSG00000081087,blue,OSTM1
ENSG00000081665,brown,ZNF506
ENSG00000081913,blue,PHLPP1
ENSG00000082196,brown,C1QTNF3
ENSG00000082258,brown,CCNT2
ENSG00000082269,greenyellow,FAM135A
ENSG00000082438,blue,COBLL1
ENSG00000082458,purple,DLG3
ENSG00000082996,black,RNF13
ENSG00000083067,brown,TRPM3
ENSG00000083168,greenyellow,KAT6A
ENSG00000083223,greenyellow,ZCCHC6
ENSG00000083307,black,GRHL2
ENSG00000083520,greenyellow,DIS3
ENSG00000083642,brown,PDS5B
ENSG00000083807,brown,SLC27A5
ENSG00000083845,black,RPS5
ENSG00000083896,greenyellow,YTHDC1
ENSG00000083937,blue,CHMP2B
ENSG00000084207,black,GSTP1
ENSG00000084623,black,EIF3I
ENSG00000084636,turquoise,COL16A1
ENSG00000084693,black,AGBL5
ENSG00000085063,black,CD59
ENSG00000085265,turquoise,FCN1
ENSG00000085563,blue,ABCB1
ENSG00000085741,turquoise,WNT11
ENSG00000085998,black,POMGNT1
ENSG00000086061,blue,DNAJA1
ENSG00000086062,blue,B4GALT1
ENSG00000086065,black,CHMP5
ENSG00000086159,brown,AQP6
ENSG00000086289,turquoise,EPDR1
ENSG00000086300,blue,SNX10
ENSG00000086544,black,ITPKC
ENSG00000086570,turquoise,FAT2
ENSG00000086589,blue,RBM22
ENSG00000086730,turquoise,LAT2
ENSG00000087008,black,ACOX3
ENSG00000087111,black,PIGS
ENSG00000087116,turquoise,ADAMTS2
ENSG00000087152,black,ATXN7L3
ENSG00000087245,turquoise,MMP2
ENSG00000087253,turquoise,LPCAT2
ENSG00000087266,purple,SH3BP2
ENSG00000087338,blue,GMCL1
ENSG00000087502,greenyellow,ERGIC2
ENSG00000087510,black,TFAP2C
ENSG00000087884,green,AAMDC
ENSG00000088256,black,GNA11
ENSG00000088280,turquoise,ASAP3
ENSG00000088325,pink,TPX2
ENSG00000088826,turquoise,SMOX
ENSG00000088827,green,SIGLEC1
ENSG00000088882,turquoise,CPXM1
ENSG00000089048,brown,ESF1
ENSG00000089057,black,SLC23A2
ENSG00000089127,green,OAS1
ENSG00000089157,black,RPLP0
ENSG00000089159,green,PXN
ENSG00000089280,brown,FUS
ENSG00000089486,green,CDIP1
ENSG00000089597,black,GANAB
ENSG00000089682,brown,RBM41
ENSG00000089685,pink,BIRC5
ENSG00000089693,black,MLF2
ENSG00000089820,green,ARHGAP4
ENSG00000089876,black,DHX32
ENSG00000090006,green,LTBP4
ENSG00000090054,blue,SPTLC1
ENSG00000090061,brown,CCNK
ENSG00000090266,black,NDUFB2
ENSG00000090339,green,ICAM1
ENSG00000090382,turquoise,LYZ
ENSG00000090432,black,MUL1
ENSG00000090520,blue,DNAJB11
ENSG00000090686,brown,USP48
ENSG00000090863,black,GLG1
ENSG00000090889,pink,KIF4A
ENSG00000090905,brown,TNRC6A
ENSG00000091106,turquoise,NLRC4
ENSG00000091483,black,FH
ENSG00000091490,pink,SEL1L3
ENSG00000091542,black,ALKBH5
ENSG00000091651,brown,ORC6
ENSG00000091947,black,TMEM101
ENSG00000091972,blue,CD200
ENSG00000091986,turquoise,CCDC80
ENSG00000092295,turquoise,TGM1
ENSG00000092470,pink,WDR76
ENSG00000092531,black,SNAP23
ENSG00000092820,black,EZR
ENSG00000092929,black,UNC13D
ENSG00000092931,black,MFSD11
ENSG00000092964,turquoise,DPYSL2
ENSG00000093009,pink,CDC45
ENSG00000093167,greenyellow,LRRFIP2
ENSG00000094755,brown,GABRP
ENSG00000094804,pink,CDC6
ENSG00000094914,black,AAAS
ENSG00000095059,black,DHPS
ENSG00000095303,green,PTGS1
ENSG00000095564,greenyellow,BTAF1
ENSG00000095787,greenyellow,WAC
ENSG00000095970,green,TREM2
ENSG00000096063,blue,SRPK1
ENSG00000096080,black,MRPS18A
ENSG00000096384,blue,HSP90AB1
ENSG00000096696,purple,DSP
ENSG00000096746,brown,HNRNPH3
ENSG00000099203,black,TMED1
ENSG00000099308,turquoise,MAST3
ENSG00000099331,turquoise,MYO9B
ENSG00000099341,black,PSMD8
ENSG00000099364,black,FBXL19
ENSG00000099715,blue,PCDH11Y
ENSG00000099795,black,NDUFB7
ENSG00000099797,black,TECR
ENSG00000099812,turquoise,MISP
ENSG00000099817,black,POLR2E
ENSG00000099849,purple,RASSF7
ENSG00000099864,green,PALM
ENSG00000099904,green,ZDHHC8
ENSG00000099910,black,KLHL22
ENSG00000099942,purple,CRKL
ENSG00000099953,black,MMP11
ENSG00000099956,black,SMARCB1
ENSG00000099968,black,BCL2L13
ENSG00000099992,black,TBC1D10A
ENSG00000100028,greenyellow,SNRPD3
ENSG00000100055,green,CYTH4
ENSG00000100058,brown,CRYBB2P1
ENSG00000100138,black,NHP2L1
ENSG00000100196,turquoise,KDELR3
ENSG00000100216,black,TOMM22
ENSG00000100219,black,XBP1
ENSG00000100220,black,RTCB
ENSG00000100227,black,POLDIP3
ENSG00000100234,turquoise,TIMP3
ENSG00000100284,black,TOM1
ENSG00000100297,salmon,MCM5
ENSG00000100316,black,RPL3
ENSG00000100319,black,ZMAT5
ENSG00000100320,turquoise,RBFOX2
ENSG00000100345,green,MYH9
ENSG00000100365,green,NCF4
ENSG00000100385,turquoise,IL2RB
ENSG00000100412,black,ACO2
ENSG00000100425,greenyellow,BRD1
ENSG00000100427,green,MLC1
ENSG00000100461,black,RBM23
ENSG00000100485,blue,SOS2
ENSG00000100503,blue,NIN
ENSG00000100554,black,ATP6V1D
ENSG00000100564,black,PIGH
ENSG00000100591,blue,AHSA1
ENSG00000100612,green,DHRS7
ENSG00000100614,blue,PPM1A
ENSG00000100632,black,ERH
ENSG00000100650,brown,SRSF5
ENSG00000100697,greenyellow,DICER1
ENSG00000100784,purple,RPS6KA5
ENSG00000100804,black,PSMB5
ENSG00000100815,greenyellow,TRIP11
ENSG00000100842,black,EFS
ENSG00000100926,black,TM9SF1
ENSG00000100941,brown,PNN
ENSG00000100949,black,RABGGTA
ENSG00000100979,green,PLTP
ENSG00000100983,black,GSS
ENSG00000100985,turquoise,MMP9
ENSG00000100997,black,ABHD12
ENSG00000101000,black,PROCR
ENSG00000101003,pink,GINS1
ENSG00000101017,turquoise,CD40
ENSG00000101084,black,C20orf24
ENSG00000101144,pink,BMP7
ENSG00000101146,black,RAE1
ENSG00000101166,blue,SLMO2
ENSG00000101182,black,PSMA7
ENSG00000101189,black,MRGBP
ENSG00000101224,green,CDC25B
ENSG00000101236,turquoise,RNF24
ENSG00000101335,turquoise,MYL9
ENSG00000101336,green,HCK
ENSG00000101337,black,TM9SF4
ENSG00000101444,black,AHCY
ENSG00000101448,brown,EPPIN
ENSG00000101474,black,APMAP
ENSG00000101577,black,LPIN2
ENSG00000101596,brown,SMCHD1
ENSG00000101680,brown,LAMA1
ENSG00000101745,brown,ANKRD12
ENSG00000101842,brown,VSIG1
ENSG00000101849,pink,TBL1X
ENSG00000101871,purple,MID1
ENSG00000101888,blue,NXT2
ENSG00000101901,brown,ALG13
ENSG00000101911,turquoise,PRPS2
ENSG00000101916,green,TLR8
ENSG00000101935,blue,AMMECR1
ENSG00000101951,pink,PAGE4
ENSG00000101986,black,ABCD1
ENSG00000102007,turquoise,PLP2
ENSG00000102032,green,RENBP
ENSG00000102098,blue,SCML2
ENSG00000102100,black,SLC35A2
ENSG00000102181,black,CD99L2
ENSG00000102189,greenyellow,EEA1
ENSG00000102241,blue,HTATSF1
ENSG00000102265,turquoise,TIMP1
ENSG00000102287,brown,GABRE
ENSG00000102362,turquoise,SYTL4
ENSG00000102409,blue,BEX4
ENSG00000102471,black,NDFIP2
ENSG00000102531,blue,FNDC3A
ENSG00000102547,turquoise,CAB39L
ENSG00000102554,blue,KLF5
ENSG00000102572,purple,STK24
ENSG00000102580,blue,DNAJC3
ENSG00000102595,brown,UGGT2
ENSG00000102710,brown,SUPT20H
ENSG00000102743,turquoise,SLC25A15
ENSG00000102755,purple,FLT1
ENSG00000102780,brown,DGKH
ENSG00000102879,green,CORO1A
ENSG00000102886,turquoise,GDPD3
ENSG00000102978,black,POLR2C
ENSG00000102996,black,MMP15
ENSG00000103051,black,COG4
ENSG00000103064,pink,SLC7A6
ENSG00000103222,turquoise,ABCC1
ENSG00000103249,black,CLCN7
ENSG00000103257,black,SLC7A5
ENSG00000103313,turquoise,MEFV
ENSG00000103335,green,PIEZO1
ENSG00000103363,black,TCEB2
ENSG00000103494,brown,RPGRIP1L
ENSG00000103502,black,CDIPT
ENSG00000103507,black,BCKDK
ENSG00000103510,black,KAT8
ENSG00000103546,black,SLC6A2
ENSG00000103549,black,RNF40
ENSG00000103569,turquoise,AQP9
ENSG00000103978,blue,TMEM87A
ENSG00000104093,brown,DMXL2
ENSG00000104142,black,VPS18
ENSG00000104154,turquoise,SLC30A4
ENSG00000104164,brown,BLOC1S6
ENSG00000104177,brown,MYEF2
ENSG00000104325,turquoise,DECR1
ENSG00000104327,brown,CALB1
ENSG00000104331,blue,IMPAD1
ENSG00000104332,turquoise,SFRP1
ENSG00000104375,blue,STK3
ENSG00000104412,greenyellow,EMC2
ENSG00000104419,purple,NDRG1
ENSG00000104472,blue,CHRAC1
ENSG00000104517,greenyellow,UBR5
ENSG00000104626,blue,ERI1
ENSG00000104738,black,MCM4
ENSG00000104765,purple,BNIP3L
ENSG00000104783,black,KCNN4
ENSG00000104805,black,NUCB1
ENSG00000104853,black,CLPTM1
ENSG00000104894,green,CD37
ENSG00000104903,green,LYL1
ENSG00000104904,black,OAZ1
ENSG00000104964,black,AES
ENSG00000104970,brown,KIR3DX1
ENSG00000104979,black,C19orf53
ENSG00000104998,turquoise,IL27RA
ENSG00000105011,pink,ASF1B
ENSG00000105063,black,PPP6R1
ENSG00000105135,black,ILVBL
ENSG00000105136,greenyellow,ZNF419
ENSG00000105137,purple,SYDE1
ENSG00000105198,blue,LGALS13
ENSG00000105223,black,PLD3
ENSG00000105246,black,EBI3
ENSG00000105325,black,FZR1
ENSG00000105357,turquoise,MYH14
ENSG00000105372,black,RPS19
ENSG00000105392,brown,CRX
ENSG00000105393,black,BABAM1
ENSG00000105402,black,NAPA
ENSG00000105404,black,RABAC1
ENSG00000105429,green,MEGF8
ENSG00000105438,black,KDELR1
ENSG00000105492,purple,SIGLEC6
ENSG00000105552,black,BCAT2
ENSG00000105568,black,PPP2R1A
ENSG00000105583,black,WDR83OS
ENSG00000105619,black,TFPT
ENSG00000105640,black,RPL18A
ENSG00000105650,brown,PDE4C
ENSG00000105669,black,COPE
ENSG00000105671,black,DDX49
ENSG00000105677,black,TMEM147
ENSG00000105699,black,LSR
ENSG00000105701,black,FKBP8
ENSG00000105711,green,SCN1B
ENSG00000105792,brown,C7orf63
ENSG00000105821,brown,DNAJC2
ENSG00000105825,black,TFPI2
ENSG00000105829,blue,BET1
ENSG00000105835,turquoise,NAMPT
ENSG00000105851,turquoise,PIK3CG
ENSG00000105856,black,HBP1
ENSG00000105879,greenyellow,CBLL1
ENSG00000105887,black,MTPN
ENSG00000105928,pink,DFNA5
ENSG00000105953,black,OGDH
ENSG00000105974,turquoise,CAV1
ENSG00000106052,blue,TAX1BP1
ENSG00000106086,blue,PLEKHA8
ENSG00000106153,black,CHCHD2
ENSG00000106258,brown,CYP3A5
ENSG00000106266,black,SNX8
ENSG00000106299,blue,WASL
ENSG00000106344,brown,RBM28
ENSG00000106346,greenyellow,USP42
ENSG00000106348,green,IMPDH1
ENSG00000106351,black,AGFG2
ENSG00000106400,black,ZNHIT1
ENSG00000106443,brown,PHF14
ENSG00000106460,blue,TMEM106B
ENSG00000106462,pink,EZH2
ENSG00000106524,blue,ANKMY2
ENSG00000106526,blue,ACTR3C
ENSG00000106546,blue,AHR
ENSG00000106588,black,PSMA2
ENSG00000106603,brown,COA1
ENSG00000106615,blue,RHEB
ENSG00000106624,turquoise,AEBP1
ENSG00000106638,black,TBL2
ENSG00000106682,black,EIF4H
ENSG00000106714,turquoise,CNTNAP3
ENSG00000106723,blue,SPIN1
ENSG00000106772,turquoise,PRUNE2
ENSG00000106780,turquoise,MEGF9
ENSG00000106785,turquoise,TRIM14
ENSG00000106789,purple,CORO2A
ENSG00000106809,turquoise,OGN
ENSG00000106976,brown,DNM1
ENSG00000106993,greenyellow,CDC37L1
ENSG00000107077,brown,KDM4C
ENSG00000107130,turquoise,NCS1
ENSG00000107175,black,CREB3
ENSG00000107560,greenyellow,RAB11FIP2
ENSG00000107581,blue,EIF3A
ENSG00000107679,blue,PLEKHA1
ENSG00000107736,brown,CDH23
ENSG00000107738,black,C10orf54
ENSG00000107771,blue,CCSER2
ENSG00000107789,black,MINPP1
ENSG00000107796,turquoise,ACTA2
ENSG00000107819,purple,SFXN3
ENSG00000107890,brown,ANKRD26
ENSG00000107954,purple,NEURL1
ENSG00000107957,purple,SH3PXD2A
ENSG00000107984,turquoise,DKK1
ENSG00000108055,greenyellow,SMC3
ENSG00000108094,black,CUL2
ENSG00000108256,greenyellow,NUFIP2
ENSG00000108294,black,PSMB3
ENSG00000108298,black,RPL19
ENSG00000108344,black,PSMD3
ENSG00000108370,turquoise,RGS9
ENSG00000108389,purple,MTMR4
ENSG00000108423,brown,TUBD1
ENSG00000108474,brown,PIGL
ENSG00000108510,blue,MED13
ENSG00000108523,black,RNF167
ENSG00000108528,black,SLC25A11
ENSG00000108582,blue,CPD
ENSG00000108588,blue,CCDC47
ENSG00000108591,black,DRG2
ENSG00000108604,black,SMARCD2
ENSG00000108639,black,SYNGR2
ENSG00000108821,turquoise,COL1A1
ENSG00000108829,black,LRRC59
ENSG00000108840,black,HDAC5
ENSG00000108848,brown,LUC7L3
ENSG00000108861,black,DUSP3
ENSG00000108950,turquoise,FAM20A
ENSG00000108960,blue,MMD
ENSG00000108961,black,RANGRF
ENSG00000109046,brown,WSB1
ENSG00000109063,brown,MYH3
ENSG00000109066,black,TMEM104
ENSG00000109072,turquoise,VTN
ENSG00000109079,black,TNFAIP1
ENSG00000109171,blue,SLAIN2
ENSG00000109189,blue,USP46
ENSG00000109458,blue,GAB1
ENSG00000109501,purple,WFS1
ENSG00000109572,blue,CLCN3
ENSG00000109586,turquoise,GALNT7
ENSG00000109654,turquoise,TRIM2
ENSG00000109686,turquoise,SH3D19
ENSG00000109771,brown,LRP2BP
ENSG00000109790,blue,KLHL5
ENSG00000109805,pink,NCAPG
ENSG00000109814,turquoise,UGDH
ENSG00000109854,blue,HTATIP2
ENSG00000109861,green,CTSC
ENSG00000109920,brown,FNBP4
ENSG00000109971,blue,HSPA8
ENSG00000110002,black,VWA5A
ENSG00000110048,blue,OSBP
ENSG00000110077,turquoise,MS4A6A
ENSG00000110080,black,ST3GAL4
ENSG00000110108,black,TMEM109
ENSG00000110172,brown,CHORDC1
ENSG00000110237,green,ARHGEF17
ENSG00000110395,turquoise,CBL
ENSG00000110400,black,PVRL1
ENSG00000110660,purple,SLC35F2
ENSG00000110675,brown,ELMOD1
ENSG00000110700,black,RPS13
ENSG00000110723,blue,EXPH5
ENSG00000110799,green,VWF
ENSG00000110811,turquoise,LEPREL2
ENSG00000110876,green,SELPLG
ENSG00000110888,brown,CAPRIN2
ENSG00000110955,black,ATP5B
ENSG00000111011,brown,RSRC2
ENSG00000111057,black,KRT18
ENSG00000111110,pink,PPM1H
ENSG00000111142,blue,METAP2
ENSG00000111144,turquoise,LTA4H
ENSG00000111206,pink,FOXM1
ENSG00000111247,pink,RAD51AP1
ENSG00000111252,turquoise,SH2B3
ENSG00000111266,blue,DUSP16
ENSG00000111269,black,CREBL2
ENSG00000111305,brown,GSG1
ENSG00000111331,turquoise,OAS3
ENSG00000111335,turquoise,OAS2
ENSG00000111339,turquoise,ART4
ENSG00000111348,turquoise,ARHGDIB
ENSG00000111364,brown,DDX55
ENSG00000111371,blue,SLC38A1
ENSG00000111405,black,ENDOU
ENSG00000111481,black,COPZ1
ENSG00000111605,greenyellow,CPSF6
ENSG00000111615,greenyellow,KRR1
ENSG00000111667,black,USP5
ENSG00000111678,black,C12orf57
ENSG00000111707,blue,SUDS3
ENSG00000111711,black,GOLT1B
ENSG00000111728,brown,ST8SIA1
ENSG00000111737,black,RAB35
ENSG00000111775,black,COX6A1
ENSG00000111799,turquoise,COL12A1
ENSG00000111816,brown,FRK
ENSG00000111843,black,TMEM14C
ENSG00000111860,brown,CEP85L
ENSG00000111897,blue,SERINC1
ENSG00000111911,blue,HINT3
ENSG00000111961,purple,SASH1
ENSG00000112039,black,FANCE
ENSG00000112096,brown,SOD2
ENSG00000112118,pink,MCM3
ENSG00000112144,blue,ICK
ENSG00000112306,black,RPS12
ENSG00000112365,blue,ZBTB24
ENSG00000112379,pink,KIAA1244
ENSG00000112414,blue,GPR126
ENSG00000112486,brown,CCR6
ENSG00000112514,black,CUTA
ENSG00000112655,green,PTK7
ENSG00000112667,salmon,DNPH1
ENSG00000112697,blue,TMEM30A
ENSG00000112739,brown,PRPF4B
ENSG00000112742,pink,TTK
ENSG00000112773,blue,FAM46A
ENSG00000112799,green,LY86
ENSG00000112837,turquoise,TBX18
ENSG00000112893,blue,MAN2A1
ENSG00000112902,turquoise,SEMA5A
ENSG00000112984,pink,KIF20A
ENSG00000112992,brown,NNT
ENSG00000113013,blue,HSPA9
ENSG00000113083,turquoise,LOX
ENSG00000113140,green,SPARC
ENSG00000113141,greenyellow,IK
ENSG00000113194,black,FAF2
ENSG00000113240,brown,CLK4
ENSG00000113319,turquoise,RASGRF2
ENSG00000113368,pink,LMNB1
ENSG00000113369,purple,ARRDC3
ENSG00000113384,black,GOLPH3
ENSG00000113441,blue,LNPEP
ENSG00000113494,blue,PRLR
ENSG00000113504,green,SLC12A7
ENSG00000113522,brown,RAD50
ENSG00000113575,black,PPP2CA
ENSG00000113593,brown,PPWD1
ENSG00000113615,blue,SEC24A
ENSG00000113649,brown,TCERG1
ENSG00000113657,turquoise,DPYSL3
ENSG00000113719,purple,ERGIC1
ENSG00000113721,green,PDGFRB
ENSG00000113742,blue,CPEB4
ENSG00000113758,green,DBN1
ENSG00000113810,brown,SMC4
ENSG00000113946,blue,CLDN16
ENSG00000113971,brown,NPHP3
ENSG00000114013,green,CD86
ENSG00000114054,black,PCCB
ENSG00000114115,turquoise,RBP1
ENSG00000114120,greenyellow,SLC25A36
ENSG00000114127,greenyellow,XRN1
ENSG00000114270,turquoise,COL7A1
ENSG00000114315,black,HES1
ENSG00000114391,black,RPL24
ENSG00000114395,black,CYB561D2
ENSG00000114480,purple,GBE1
ENSG00000114638,turquoise,UPK1B
ENSG00000114656,brown,KIAA1257
ENSG00000114737,black,CISH
ENSG00000114739,blue,ACVR2B
ENSG00000114745,black,GORASP1
ENSG00000114796,blue,KLHL24
ENSG00000114853,turquoise,ZBTB47
ENSG00000114857,brown,NKTR
ENSG00000114933,greenyellow,INO80D
ENSG00000115112,pink,TFCP2L1
ENSG00000115159,blue,GPD2
ENSG00000115165,turquoise,CYTIP
ENSG00000115207,black,GTF3C2
ENSG00000115216,black,NRBP1
ENSG00000115221,turquoise,ITGB6
ENSG00000115234,black,SNX17
ENSG00000115239,brown,GPR75-ASB3
ENSG00000115271,turquoise,GCA
ENSG00000115275,black,MOGS
ENSG00000115318,turquoise,LOXL3
ENSG00000115339,turquoise,GALNT3
ENSG00000115363,black,EVA1A
ENSG00000115380,pink,EFEMP1
ENSG00000115414,turquoise,FN1
ENSG00000115415,turquoise,STAT1
ENSG00000115446,black,UNC50
ENSG00000115457,green,IGFBP2
ENSG00000115464,brown,USP34
ENSG00000115468,purple,EFHD1
ENSG00000115520,black,COQ10B
ENSG00000115524,brown,SF3B1
ENSG00000115541,blue,HSPE1
ENSG00000115590,turquoise,IL1R2
ENSG00000115641,purple,FHL2
ENSG00000115649,black,CNPPD1
ENSG00000115687,brown,PASK
ENSG00000115760,greenyellow,BIRC6
ENSG00000115806,blue,GORASP2
ENSG00000115839,blue,RAB3GAP1
ENSG00000115884,black,SDC1
ENSG00000115935,turquoise,WIPF1
ENSG00000115947,brown,ORC4
ENSG00000115956,green,PLEK
ENSG00000116001,brown,TIA1
ENSG00000116016,black,EPAS1
ENSG00000116017,purple,ARID3A
ENSG00000116161,blue,CACYBP
ENSG00000116183,purple,PAPPA2
ENSG00000116209,black,TMEM59
ENSG00000116212,black,LRRC42
ENSG00000116285,purple,ERRFI1
ENSG00000116299,brown,KIAA1324
ENSG00000116350,greenyellow,SRSF4
ENSG00000116406,blue,EDEM3
ENSG00000116560,brown,SFPQ
ENSG00000116649,green,SRM
ENSG00000116685,black,KIAA2013
ENSG00000116688,black,MFN2
ENSG00000116701,green,NCF2
ENSG00000116729,pink,WLS
ENSG00000116747,greenyellow,TROVE2
ENSG00000116754,brown,SRSF11
ENSG00000116774,turquoise,OLFML3
ENSG00000116863,black,ADPRHL2
ENSG00000116871,black,MAP7D1
ENSG00000116885,black,OSCP1
ENSG00000117091,turquoise,CD48
ENSG00000117115,green,PADI2
ENSG00000117118,black,SDHB
ENSG00000117122,black,MFAP2
ENSG00000117139,black,KDM5B
ENSG00000117143,black,UAP1
ENSG00000117280,turquoise,RAB7L1
ENSG00000117298,green,ECE1
ENSG00000117308,black,GALE
ENSG00000117335,black,CD46
ENSG00000117362,black,APH1A
ENSG00000117394,purple,SLC2A1
ENSG00000117399,salmon,CDC20
ENSG00000117408,black,IPO13
ENSG00000117410,black,ATP6V0B
ENSG00000117419,black,ERI3
ENSG00000117448,black,AKR1A1
ENSG00000117479,blue,SLC19A2
ENSG00000117500,blue,TMED5
ENSG00000117523,brown,PRRC2C
ENSG00000117569,brown,PTBP2
ENSG00000117592,black,PRDX6
ENSG00000117594,turquoise,HSD11B1
ENSG00000117602,black,RCAN3
ENSG00000117614,blue,SYF2
ENSG00000117620,blue,SLC35A3
ENSG00000117625,brown,RCOR3
ENSG00000117643,purple,MAN1C1
ENSG00000117650,pink,NEK2
ENSG00000117691,black,NENF
ENSG00000117724,pink,CENPF
ENSG00000117868,purple,ESYT2
ENSG00000117899,blue,MESDC2
ENSG00000117906,blue,RCN2
ENSG00000117984,black,CTSD
ENSG00000118193,pink,KIF14
ENSG00000118197,blue,DDX59
ENSG00000118200,blue,CAMSAP2
ENSG00000118257,pink,NRP2
ENSG00000118322,brown,ATP10B
ENSG00000118482,greenyellow,PHF3
ENSG00000118513,brown,MYB
ENSG00000118640,black,VAMP8
ENSG00000118680,black,MYL12B
ENSG00000118705,black,RPN2
ENSG00000118922,turquoise,KLF12
ENSG00000118960,black,HS1BP3
ENSG00000118971,turquoise,CCND2
ENSG00000119139,blue,TJP2
ENSG00000119314,blue,PTBP3
ENSG00000119326,pink,CTNNAL1
ENSG00000119333,black,WDR34
ENSG00000119383,black,PPP2R4
ENSG00000119392,black,GLE1
ENSG00000119397,brown,CNTRL
ENSG00000119408,green,NEK6
ENSG00000119421,black,NDUFA8
ENSG00000119431,black,HDHD3
ENSG00000119535,black,CSF3R
ENSG00000119630,black,PGF
ENSG00000119661,brown,DNAL1
ENSG00000119681,turquoise,LTBP2
ENSG00000119684,greenyellow,MLH3
ENSG00000119699,turquoise,TGFB3
ENSG00000119707,brown,RBM25
ENSG00000119760,greenyellow,SUPT7L
ENSG00000119778,brown,ATAD2B
ENSG00000119812,blue,FAM98A
ENSG00000119844,blue,AFTPH
ENSG00000119865,turquoise,CNRIP1
ENSG00000119917,turquoise,IFIT3
ENSG00000119950,purple,MXI1
ENSG00000119969,pink,HELLS
ENSG00000119977,black,TCTN3
ENSG00000120093,brown,HOXB3
ENSG00000120256,black,LRP11
ENSG00000120458,brown,MSANTD2
ENSG00000120616,brown,EPC1
ENSG00000120685,greenyellow,PROSER1
ENSG00000120686,blue,UFM1
ENSG00000120688,greenyellow,WBP4
ENSG00000120708,turquoise,TGFBI
ENSG00000120837,greenyellow,NFYB
ENSG00000120896,green,SORBS3
ENSG00000120899,turquoise,PTK2B
ENSG00000120913,black,PDLIM2
ENSG00000120963,brown,ZNF706
ENSG00000120992,black,LYPLA1
ENSG00000121073,black,SLC35B1
ENSG00000121104,turquoise,FAM117A
ENSG00000121210,turquoise,KIAA0922
ENSG00000121440,turquoise,PDZRN3
ENSG00000121680,black,PEX16
ENSG00000121848,brown,RNF115
ENSG00000121858,turquoise,TNFSF10
ENSG00000121900,black,TMEM54
ENSG00000121931,blue,LRIF1
ENSG00000121964,brown,GTDC1
ENSG00000121989,turquoise,ACVR2A
ENSG00000122035,green,RASL11A
ENSG00000122042,turquoise,UBL3
ENSG00000122122,green,SASH3
ENSG00000122126,purple,OCRL
ENSG00000122176,green,FMOD
ENSG00000122257,greenyellow,RBBP6
ENSG00000122299,brown,ZC3H7A
ENSG00000122359,black,ANXA11
ENSG00000122417,brown,ODF2L
ENSG00000122435,brown,TRMT13
ENSG00000122482,greenyellow,ZNF644
ENSG00000122484,brown,RPAP2
ENSG00000122566,brown,HNRNPA2B1
ENSG00000122641,purple,INHBA
ENSG00000122691,blue,TWIST1
ENSG00000122694,turquoise,GLIPR2
ENSG00000122778,blue,KIAA1549
ENSG00000122862,turquoise,SRGN
ENSG00000122952,pink,ZWINT
ENSG00000122966,pink,CIT
ENSG00000122971,black,ACADS
ENSG00000123091,black,RNF11
ENSG00000123094,purple,RASSF8
ENSG00000123131,turquoise,PRDX4
ENSG00000123144,blue,C19orf43
ENSG00000123159,black,GIPC1
ENSG00000123191,pink,ATP7B
ENSG00000123200,brown,ZC3H13
ENSG00000123201,brown,GUCY1B2
ENSG00000123243,blue,ITIH5
ENSG00000123268,black,ATF1
ENSG00000123338,green,NCKAP1L
ENSG00000123352,brown,SPATS2
ENSG00000123353,black,ORMDL2
ENSG00000123395,black,C12orf44
ENSG00000123416,salmon,TUBA1B
ENSG00000123444,black,KBTBD4
ENSG00000123473,pink,STIL
ENSG00000123485,pink,HJURP
ENSG00000123737,greenyellow,EXOSC9
ENSG00000123739,blue,PLA2G12A
ENSG00000123989,black,CHPF
ENSG00000124006,purple,OBSL1
ENSG00000124151,blue,NCOA3
ENSG00000124155,black,PIGT
ENSG00000124171,purple,PARD6B
ENSG00000124172,black,ATP5E
ENSG00000124207,blue,CSE1L
ENSG00000124212,turquoise,PTGIS
ENSG00000124222,brown,STX16
ENSG00000124225,turquoise,PMEPA1
ENSG00000124226,black,RNF114
ENSG00000124260,black,MAGEA10
ENSG00000124333,blue,VAMP7
ENSG00000124380,greenyellow,SNRNP27
ENSG00000124383,greenyellow,MPHOSPH10
ENSG00000124422,black,USP22
ENSG00000124467,blue,PSG8
ENSG00000124486,blue,USP9X
ENSG00000124491,green,F13A1
ENSG00000124574,brown,ABCC10
ENSG00000124596,blue,OARD1
ENSG00000124614,black,RPS10
ENSG00000124635,salmon,HIST1H2BJ
ENSG00000124688,black,MAD2L1BP
ENSG00000124693,salmon,HIST1H3B
ENSG00000124702,black,KLHDC3
ENSG00000124733,black,MEA1
ENSG00000124762,black,CDKN1A
ENSG00000124766,turquoise,SOX4
ENSG00000124784,blue,RIOK1
ENSG00000124788,turquoise,ATXN1
ENSG00000124789,blue,NUP153
ENSG00000124813,brown,RUNX2
ENSG00000125304,black,TM9SF2
ENSG00000125351,brown,UPF3B
ENSG00000125356,black,NDUFA1
ENSG00000125430,blue,HS3ST3B1
ENSG00000125462,brown,C1orf61
ENSG00000125503,purple,PPP1R12C
ENSG00000125652,black,ALKBH7
ENSG00000125676,brown,THOC2
ENSG00000125730,turquoise,C3
ENSG00000125734,black,GPR108
ENSG00000125743,black,SNRPD2
ENSG00000125814,brown,NAPB
ENSG00000125817,black,CENPB
ENSG00000125821,green,DTD1
ENSG00000125835,black,SNRPB
ENSG00000125848,turquoise,FLRT3
ENSG00000125877,black,ITPA
ENSG00000125912,black,NCLN
ENSG00000125944,greenyellow,HNRNPR
ENSG00000125970,black,RALY
ENSG00000125971,black,DYNLRB1
ENSG00000125991,black,ERGIC3
ENSG00000125995,black,ROMO1
ENSG00000126062,black,TMEM115
ENSG00000126070,brown,AGO3
ENSG00000126088,black,UROD
ENSG00000126254,black,RBM42
ENSG00000126267,black,COX6B1
ENSG00000126432,black,PRDX5
ENSG00000126453,black,BCL2L12
ENSG00000126522,green,ASL
ENSG00000126524,greenyellow,SBDS
ENSG00000126550,brown,HTN1
ENSG00000126653,brown,NSRP1
ENSG00000126777,greenyellow,KTN1
ENSG00000126787,pink,DLGAP5
ENSG00000126821,blue,SGPP1
ENSG00000126860,turquoise,EVI2A
ENSG00000126878,turquoise,AIF1L
ENSG00000126882,turquoise,FAM78A
ENSG00000126934,black,MAP2K2
ENSG00000127022,blue,CANX
ENSG00000127125,blue,PPCS
ENSG00000127191,black,TRAF2
ENSG00000127220,black,ABHD8
ENSG00000127314,greenyellow,RAP1B
ENSG00000127399,black,LRRC61
ENSG00000127463,black,EMC1
ENSG00000127526,black,SLC35E1
ENSG00000127540,black,UQCR11
ENSG00000127561,black,SYNGR3
ENSG00000127837,black,AAMP
ENSG00000127870,blue,RNF6
ENSG00000127914,brown,AKAP9
ENSG00000127947,brown,PTPN12
ENSG00000127948,black,POR
ENSG00000127954,blue,STEAP4
ENSG00000128000,brown,ZNF780B
ENSG00000128059,blue,PPAT
ENSG00000128268,purple,MGAT3
ENSG00000128272,blue,ATF4
ENSG00000128340,green,RAC2
ENSG00000128422,turquoise,KRT17
ENSG00000128487,turquoise,SPECC1
ENSG00000128524,black,ATP6V1F
ENSG00000128590,black,DNAJB9
ENSG00000128595,blue,CALU
ENSG00000128626,black,MRPS12
ENSG00000128805,brown,ARHGAP22
ENSG00000128815,turquoise,WDFY4
ENSG00000128881,blue,TTBK2
ENSG00000128918,turquoise,ALDH1A2
ENSG00000128923,blue,FAM63B
ENSG00000129009,turquoise,ISLR
ENSG00000129038,turquoise,LOXL1
ENSG00000129083,black,COPB1
ENSG00000129084,black,PSMA1
ENSG00000129103,black,SUMF2
ENSG00000129116,turquoise,PALLD
ENSG00000129226,green,CD68
ENSG00000129245,black,FXR2
ENSG00000129255,black,MPDU1
ENSG00000129277,turquoise,CCL4
ENSG00000129292,brown,PHF20L1
ENSG00000129315,blue,CCNT1
ENSG00000129353,black,SLC44A2
ENSG00000129354,black,AP1M2
ENSG00000129355,green,CDKN2D
ENSG00000129422,purple,MTUS1
ENSG00000129450,green,SIGLEC9
ENSG00000129451,brown,KLK10
ENSG00000129521,turquoise,EGLN3
ENSG00000129562,black,DAD1
ENSG00000129596,purple,CDO1
ENSG00000129625,blue,REEP5
ENSG00000129636,blue,ITFG1
ENSG00000129680,greenyellow,MAP7D3
ENSG00000130175,black,PRKCSH
ENSG00000130176,turquoise,CNN1
ENSG00000130222,black,GADD45G
ENSG00000130244,brown,FAM98C
ENSG00000130255,black,RPL36
ENSG00000130304,brown,SLC27A1
ENSG00000130340,blue,SNX9
ENSG00000130382,black,MLLT1
ENSG00000130413,brown,STK33
ENSG00000130511,black,SSBP4
ENSG00000130513,black,GDF15
ENSG00000130520,black,LSM4
ENSG00000130545,black,CRB3
ENSG00000130561,brown,SAG
ENSG00000130592,turquoise,LSP1
ENSG00000130635,turquoise,COL5A1
ENSG00000130669,black,PAK4
ENSG00000130701,purple,RBBP8NL
ENSG00000130706,black,ADRM1
ENSG00000130713,brown,EXOSC2
ENSG00000130717,black,UCK1
ENSG00000130725,black,UBE2M
ENSG00000130726,black,TRIM28
ENSG00000130733,black,YIPF2
ENSG00000130775,turquoise,THEMIS2
ENSG00000130779,blue,CLIP1
ENSG00000130813,brown,C19orf66
ENSG00000130821,purple,SLC6A8
ENSG00000130830,pink,MPP1
ENSG00000130856,blue,ZNF236
ENSG00000130881,green,LRP3
ENSG00000130921,brown,C12orf65
ENSG00000130962,purple,PRRG1
ENSG00000131013,greenyellow,PPIL4
ENSG00000131023,greenyellow,LATS1
ENSG00000131037,purple,EPS8L1
ENSG00000131043,black,AAR2
ENSG00000131051,brown,RBM39
ENSG00000131069,black,ACSS2
ENSG00000131100,black,ATP6V1E1
ENSG00000131127,brown,ZNF141
ENSG00000131143,black,COX4I1
ENSG00000131149,purple,GSE1
ENSG00000131165,black,CHMP1A
ENSG00000131171,turquoise,SH3BGRL
ENSG00000131242,pink,RAB11FIP4
ENSG00000131389,purple,SLC6A6
ENSG00000131408,black,NR1H2
ENSG00000131437,greenyellow,KIF3A
ENSG00000131446,black,MGAT1
ENSG00000131469,black,RPL27
ENSG00000131471,turquoise,AOC3
ENSG00000131475,black,VPS25
ENSG00000131495,black,NDUFA2
ENSG00000131507,blue,NDFIP1
ENSG00000131652,black,THOC6
ENSG00000131669,black,NINJ1
ENSG00000131747,pink,TOP2A
ENSG00000131748,black,STARD3
ENSG00000131871,black,VIMP
ENSG00000131873,blue,CHSY1
ENSG00000131966,black,ACTR10
ENSG00000131969,brown,ABHD12B
ENSG00000131981,turquoise,LGALS3
ENSG00000132002,blue,DNAJB1
ENSG00000132017,black,DCAF15
ENSG00000132128,black,LRRC41
ENSG00000132141,brown,CCT6B
ENSG00000132153,black,DHX30
ENSG00000132182,pink,NUP210
ENSG00000132205,turquoise,EMILIN2
ENSG00000132254,black,ARFIP2
ENSG00000132274,brown,TRIM22
ENSG00000132297,brown,HHLA1
ENSG00000132330,brown,SCLY
ENSG00000132334,turquoise,PTPRE
ENSG00000132356,greenyellow,PRKAA1
ENSG00000132424,brown,PNISR
ENSG00000132466,greenyellow,ANKRD17
ENSG00000132481,turquoise,TRIM47
ENSG00000132485,brown,ZRANB2
ENSG00000132507,black,EIF5A
ENSG00000132522,greenyellow,GPS2
ENSG00000132549,brown,VPS13B
ENSG00000132561,turquoise,MATN2
ENSG00000132581,black,SDF2
ENSG00000132612,black,VPS4A
ENSG00000132613,purple,MTSS1L
ENSG00000132688,turquoise,NES
ENSG00000132698,black,RAB25
ENSG00000132819,turquoise,RBM38
ENSG00000132823,blue,OSER1
ENSG00000132824,blue,SERINC3
ENSG00000132854,pink,KANK4
ENSG00000132874,brown,SLC14A2
ENSG00000132915,brown,PDE6A
ENSG00000133048,turquoise,CHI3L1
ENSG00000133069,turquoise,TMCC2
ENSG00000133104,blue,SPG20
ENSG00000133106,turquoise,EPSTI1
ENSG00000133134,blue,BEX2
ENSG00000133138,brown,TBC1D8B
ENSG00000133226,brown,SRRM1
ENSG00000133243,black,BTBD2
ENSG00000133392,turquoise,MYH11
ENSG00000133460,blue,SLC2A11
ENSG00000133597,black,ADCK2
ENSG00000133624,brown,ZNF767
ENSG00000133627,brown,ACTR3B
ENSG00000133742,turquoise,CA1
ENSG00000133773,greenyellow,CCDC59
ENSG00000133800,green,LYVE1
ENSG00000133816,turquoise,MICAL2
ENSG00000133858,brown,ZFC3H1
ENSG00000134007,brown,ADAM20
ENSG00000134013,green,LOXL2
ENSG00000134030,turquoise,CTIF
ENSG00000134046,greenyellow,MBD2
ENSG00000134049,black,IER3IP1
ENSG00000134057,salmon,CCNB1
ENSG00000134107,purple,BHLHE40
ENSG00000134108,blue,ARL8B
ENSG00000134109,black,EDEM1
ENSG00000134138,brown,MEIS2
ENSG00000134146,brown,DPH6
ENSG00000134153,blue,EMC7
ENSG00000134198,turquoise,TSPAN2
ENSG00000134215,blue,VAV3
ENSG00000134247,black,PTGFRN
ENSG00000134294,blue,SLC38A2
ENSG00000134297,brown,PLEKHA8P1
ENSG00000134308,green,YWHAQ
ENSG00000134317,purple,GRHL1
ENSG00000134321,turquoise,RSAD2
ENSG00000134326,turquoise,CMPK2
ENSG00000134352,turquoise,IL6ST
ENSG00000134480,brown,CCNH
ENSG00000134504,blue,KCTD1
ENSG00000134516,turquoise,DOCK2
ENSG00000134531,turquoise,EMP1
ENSG00000134539,brown,KLRD1
ENSG00000134575,black,ACP2
ENSG00000134602,blue,MST4
ENSG00000134744,brown,ZCCHC11
ENSG00000134775,turquoise,FHOD3
ENSG00000134802,turquoise,SLC43A3
ENSG00000134825,black,TMEM258
ENSG00000134852,blue,CLOCK
ENSG00000134871,green,COL4A2
ENSG00000134882,black,UBAC2
ENSG00000134884,brown,ARGLU1
ENSG00000134910,blue,STT3A
ENSG00000134970,blue,TMED7
ENSG00000135002,purple,RFK
ENSG00000135048,blue,TMEM2
ENSG00000135074,turquoise,ADAM19
ENSG00000135077,green,HAVCR2
ENSG00000135111,blue,TBX3
ENSG00000135116,brown,HRK
ENSG00000135164,brown,DMTF1
ENSG00000135245,purple,HILPDA
ENSG00000135272,turquoise,MDFIC
ENSG00000135316,brown,SYNCRIP
ENSG00000135338,greenyellow,LCA5
ENSG00000135346,black,CGA
ENSG00000135378,blue,PRRG4
ENSG00000135390,black,ATP5G2
ENSG00000135392,black,DNAJC14
ENSG00000135404,black,CD63
ENSG00000135407,brown,AVIL
ENSG00000135441,black,BLOC1S1
ENSG00000135446,black,CDK4
ENSG00000135452,black,TSPAN31
ENSG00000135535,black,CD164
ENSG00000135549,blue,PKIB
ENSG00000135587,black,SMPD2
ENSG00000135604,blue,STX11
ENSG00000135631,black,RAB11FIP5
ENSG00000135637,brown,CCDC142
ENSG00000135723,green,FHOD1
ENSG00000135747,brown,ZNF670
ENSG00000135837,greenyellow,CEP350
ENSG00000135842,turquoise,FAM129A
ENSG00000135905,turquoise,DOCK10
ENSG00000135919,turquoise,SERPINE2
ENSG00000135926,black,TMBIM1
ENSG00000135968,brown,GCC2
ENSG00000135976,brown,ANKRD36
ENSG00000135999,greenyellow,EPC2
ENSG00000136010,turquoise,ALDH1L2
ENSG00000136068,turquoise,FLNB
ENSG00000136108,pink,CKAP2
ENSG00000136147,brown,PHF11
ENSG00000136156,turquoise,ITM2B
ENSG00000136193,turquoise,SCRN1
ENSG00000136231,blue,IGF2BP3
ENSG00000136240,black,KDELR2
ENSG00000136250,green,AOAH
ENSG00000136261,black,BZW2
ENSG00000136270,black,TBRG4
ENSG00000136286,turquoise,MYO1G
ENSG00000136295,green,TTYH3
ENSG00000136379,blue,ABHD17C
ENSG00000136425,black,CIB2
ENSG00000136487,black,GH2
ENSG00000136488,black,CSH1
ENSG00000136527,greenyellow,TRA2B
ENSG00000136689,turquoise,IL1RN
ENSG00000136715,blue,SAP130
ENSG00000136731,blue,UGGT1
ENSG00000136732,turquoise,GYPC
ENSG00000136802,purple,LRRC8A
ENSG00000136830,black,FAM129B
ENSG00000136848,purple,DAB2IP
ENSG00000136859,turquoise,ANGPTL2
ENSG00000136867,black,SLC31A2
ENSG00000136888,black,ATP6V1G1
ENSG00000136895,brown,GARNL3
ENSG00000136908,black,DPM2
ENSG00000136929,turquoise,HEMGN
ENSG00000136930,black,PSMB7
ENSG00000136936,greenyellow,XPA
ENSG00000137100,black,DCTN3
ENSG00000137106,black,GRHPR
ENSG00000137124,turquoise,ALDH1B1
ENSG00000137154,black,RPS6
ENSG00000137168,pink,PPIL1
ENSG00000137207,black,YIPF3
ENSG00000137259,salmon,HIST1H2AB
ENSG00000137266,pink,SLC22A23
ENSG00000137267,turquoise,TUBB2A
ENSG00000137269,purple,LRRC1
ENSG00000137270,blue,GCM1
ENSG00000137309,pink,HMGA1
ENSG00000137409,black,MTCH1
ENSG00000137460,blue,FHDC1
ENSG00000137462,turquoise,TLR2
ENSG00000137474,pink,MYO7A
ENSG00000137492,greenyellow,PRKRIR
ENSG00000137500,brown,CCDC90B
ENSG00000137504,brown,CREBZF
ENSG00000137509,turquoise,PRCP
ENSG00000137642,turquoise,SORL1
ENSG00000137709,blue,POU2F3
ENSG00000137710,blue,RDX
ENSG00000137714,black,FDX1
ENSG00000137747,black,TMPRSS13
ENSG00000137767,green,SQRDL
ENSG00000137776,brown,SLTM
ENSG00000137801,turquoise,THBS1
ENSG00000137804,pink,NUSAP1
ENSG00000137809,turquoise,ITGA11
ENSG00000137812,pink,CASC5
ENSG00000137824,black,RMDN3
ENSG00000137845,blue,ADAM10
ENSG00000137869,blue,CYP19A1
ENSG00000137871,brown,ZNF280D
ENSG00000137936,purple,BCAR3
ENSG00000137960,turquoise,GIPC2
ENSG00000138018,blue,EPT1
ENSG00000138035,brown,PNPT1
ENSG00000138050,brown,THUMPD2
ENSG00000138073,black,PREB
ENSG00000138074,black,SLC5A6
ENSG00000138079,brown,SLC3A1
ENSG00000138080,green,EMILIN1
ENSG00000138081,brown,FBXO11
ENSG00000138085,black,ATRAID
ENSG00000138107,black,ACTR1A
ENSG00000138131,turquoise,LOXL4
ENSG00000138138,blue,ATAD1
ENSG00000138160,pink,KIF11
ENSG00000138172,black,CALHM2
ENSG00000138180,pink,CEP55
ENSG00000138182,brown,KIF20B
ENSG00000138185,blue,ENTPD1
ENSG00000138385,greenyellow,SSB
ENSG00000138386,turquoise,NAB1
ENSG00000138398,brown,PPIG
ENSG00000138430,pink,OLA1
ENSG00000138433,greenyellow,CIR1
ENSG00000138434,black,SSFA2
ENSG00000138459,blue,SLC35A5
ENSG00000138463,blue,DIRC2
ENSG00000138468,brown,SENP7
ENSG00000138495,blue,COX17
ENSG00000138496,turquoise,PARP9
ENSG00000138593,blue,SECISBP2L
ENSG00000138600,black,SPPL2A
ENSG00000138629,black,UBL7
ENSG00000138640,blue,FAM13A
ENSG00000138641,turquoise,HERC3
ENSG00000138642,turquoise,HERC6
ENSG00000138658,brown,C4orf21
ENSG00000138668,brown,HNRNPD
ENSG00000138675,brown,FGF5
ENSG00000138688,brown,KIAA1109
ENSG00000138709,greenyellow,LARP1B
ENSG00000138764,turquoise,CCNG2
ENSG00000138767,blue,CNOT6L
ENSG00000138771,turquoise,SHROOM3
ENSG00000138778,pink,CENPE
ENSG00000138801,turquoise,PAPSS1
ENSG00000138814,turquoise,PPP3CA
ENSG00000138821,blue,SLC39A8
ENSG00000138942,black,RNF185
ENSG00000139055,turquoise,ERP27
ENSG00000139112,black,GABARAPL1
ENSG00000139132,blue,FGD4
ENSG00000139180,black,NDUFA9
ENSG00000139197,black,PEX5
ENSG00000139211,turquoise,AMIGO2
ENSG00000139233,greenyellow,LLPH
ENSG00000139278,turquoise,GLIPR1
ENSG00000139287,brown,TPH2
ENSG00000139329,turquoise,LUM
ENSG00000139372,blue,TDG
ENSG00000139496,blue,NUPL1
ENSG00000139517,blue,LNX2
ENSG00000139546,black,TARBP2
ENSG00000139547,brown,RDH16
ENSG00000139629,turquoise,GALNT6
ENSG00000139644,black,TMBIM6
ENSG00000139687,turquoise,RB1
ENSG00000139714,black,MORN3
ENSG00000139722,black,VPS37B
ENSG00000139746,brown,RBM26
ENSG00000139974,brown,SLC38A6
ENSG00000140006,blue,WDR89
ENSG00000140030,turquoise,GPR65
ENSG00000140043,brown,PTGR2
ENSG00000140153,black,WDR20
ENSG00000140199,turquoise,SLC12A6
ENSG00000140259,blue,MFAP1
ENSG00000140263,turquoise,SORD
ENSG00000140319,greenyellow,SRP14
ENSG00000140320,black,BAHD1
ENSG00000140367,purple,UBE2Q2
ENSG00000140379,turquoise,BCL2A1
ENSG00000140396,blue,NCOA2
ENSG00000140416,turquoise,TPM1
ENSG00000140459,black,CYP11A1
ENSG00000140479,turquoise,PCSK6
ENSG00000140497,black,SCAMP2
ENSG00000140511,turquoise,HAPLN3
ENSG00000140521,black,POLG
ENSG00000140525,pink,FANCI
ENSG00000140526,turquoise,ABHD2
ENSG00000140545,green,MFGE8
ENSG00000140553,black,UNC45A
ENSG00000140564,black,FURIN
ENSG00000140612,brown,SEC11A
ENSG00000140678,turquoise,ITGAX
ENSG00000140682,turquoise,TGFB1I1
ENSG00000140743,turquoise,CDR2
ENSG00000140750,blue,ARHGAP17
ENSG00000140795,brown,MYLK3
ENSG00000140988,salmon,RPS2
ENSG00000140992,black,PDPK1
ENSG00000140993,brown,TIGD7
ENSG00000141052,turquoise,MYOCD
ENSG00000141098,purple,GFOD2
ENSG00000141232,turquoise,TOB1
ENSG00000141298,turquoise,SSH2
ENSG00000141349,black,G6PC3
ENSG00000141424,blue,SLC39A6
ENSG00000141429,black,GALNT1
ENSG00000141447,turquoise,OSBPL1A
ENSG00000141448,turquoise,GATA6
ENSG00000141452,blue,C18orf8
ENSG00000141480,green,ARRB2
ENSG00000141504,green,SAT2
ENSG00000141506,turquoise,PIK3R5
ENSG00000141542,brown,RAB40B
ENSG00000141552,black,ANAPC11
ENSG00000141579,black,ZNF750
ENSG00000141582,pink,CBX4
ENSG00000141622,brown,RNF165
ENSG00000141664,purple,ZCCHC2
ENSG00000141665,brown,FBXO15
ENSG00000141696,turquoise,LEPREL4
ENSG00000141699,black,FAM134C
ENSG00000141736,black,ERBB2
ENSG00000141738,black,GRB7
ENSG00000141741,black,MIEN1
ENSG00000141854,black,hsa-mir-1199
ENSG00000141933,brown,TPGS1
ENSG00000141959,black,PFKL
ENSG00000141965,black,FEM1A
ENSG00000141968,green,VAV1
ENSG00000141985,black,SH3GL1
ENSG00000142046,turquoise,TMEM91
ENSG00000142149,turquoise,HUNK
ENSG00000142156,green,COL6A1
ENSG00000142168,blue,SOD1
ENSG00000142173,green,COL6A2
ENSG00000142185,green,TRPM2
ENSG00000142186,black,SCYL1
ENSG00000142227,green,EMP3
ENSG00000142405,brown,NLRP12
ENSG00000142444,black,C19orf52
ENSG00000142507,black,PSMB6
ENSG00000142534,black,RPS11
ENSG00000142541,black,RPL13A
ENSG00000142546,black,NOSIP
ENSG00000142552,turquoise,RCN3
ENSG00000142556,purple,ZNF614
ENSG00000142669,turquoise,SH3BGRL3
ENSG00000142684,black,ZNF593
ENSG00000142694,black,EVA1B
ENSG00000142731,pink,PLK4
ENSG00000142798,turquoise,HSPG2
ENSG00000142875,turquoise,PRKACB
ENSG00000142937,black,RPS8
ENSG00000142945,pink,KIF2C
ENSG00000143061,purple,IGSF3
ENSG00000143093,black,STRIP1
ENSG00000143106,black,PSMA5
ENSG00000143119,green,CD53
ENSG00000143156,brown,NME7
ENSG00000143157,blue,POGK
ENSG00000143183,blue,TMCO1
ENSG00000143190,blue,POU2F1
ENSG00000143195,blue,ILDR2
ENSG00000143217,purple,PVRL4
ENSG00000143228,pink,NUF2
ENSG00000143297,brown,FCRL5
ENSG00000143303,black,RRNAD1
ENSG00000143320,turquoise,CRABP2
ENSG00000143321,black,HDGF
ENSG00000143344,turquoise,RGL1
ENSG00000143363,black,PRUNE
ENSG00000143367,black,TUFT1
ENSG00000143373,black,ZNF687
ENSG00000143387,turquoise,CTSK
ENSG00000143398,blue,PIP5K1A
ENSG00000143416,turquoise,SELENBP1
ENSG00000143418,black,CERS2
ENSG00000143420,black,ENSA
ENSG00000143437,blue,ARNT
ENSG00000143443,black,C1orf56
ENSG00000143476,pink,DTL
ENSG00000143543,black,JTB
ENSG00000143546,turquoise,S100A8
ENSG00000143553,black,SNAPIN
ENSG00000143570,black,SLC39A1
ENSG00000143612,black,C1orf43
ENSG00000143756,purple,FBXO28
ENSG00000143761,black,ARF1
ENSG00000143797,turquoise,MBOAT2
ENSG00000143799,pink,PARP1
ENSG00000143811,black,PYCR2
ENSG00000143815,turquoise,LBR
ENSG00000143845,turquoise,ETNK2
ENSG00000143850,black,PLEKHA6
ENSG00000143867,turquoise,OSR1
ENSG00000143870,black,PDIA6
ENSG00000143891,turquoise,GALM
ENSG00000143947,black,RPS27A
ENSG00000143951,brown,WDPCP
ENSG00000144036,blue,EXOC6B
ENSG00000144057,turquoise,ST6GAL2
ENSG00000144134,brown,RABL2A
ENSG00000144136,blue,SLC20A1
ENSG00000144152,black,FBLN7
ENSG00000144161,brown,ZC3H8
ENSG00000144228,greenyellow,SPOPL
ENSG00000144306,brown,SCRN3
ENSG00000144369,blue,FAM171B
ENSG00000144381,pink,HSPD1
ENSG00000144395,brown,CCDC150
ENSG00000144401,brown,METTL21A
ENSG00000144406,brown,UNC80
ENSG00000144455,black,SUMF1
ENSG00000144567,black,FAM134A
ENSG00000144644,brown,GADL1
ENSG00000144649,purple,FAM198A
ENSG00000144655,black,CSRNP1
ENSG00000144674,greenyellow,GOLGA4
ENSG00000144713,black,RPL32
ENSG00000144730,brown,IL17RD
ENSG00000144744,greenyellow,UBA3
ENSG00000144746,black,ARL6IP5
ENSG00000144791,purple,LIMD1
ENSG00000144792,brown,ZNF660
ENSG00000144843,black,ADPRH
ENSG00000144857,turquoise,BOC
ENSG00000144868,black,TMEM108
ENSG00000144893,blue,MED12L
ENSG00000145216,greenyellow,FIP1L1
ENSG00000145241,brown,CENPC
ENSG00000145284,brown,SCD5
ENSG00000145287,turquoise,PLAC8
ENSG00000145335,turquoise,SNCA
ENSG00000145348,brown,TBCK
ENSG00000145349,turquoise,CAMK2D
ENSG00000145362,turquoise,ANK2
ENSG00000145375,brown,SPATA5
ENSG00000145386,pink,CCNA2
ENSG00000145416,turquoise,MARCH1
ENSG00000145425,black,RPS3A
ENSG00000145431,turquoise,PDGFC
ENSG00000145592,black,RPL37
ENSG00000145687,brown,SSBP2
ENSG00000145703,blue,IQGAP2
ENSG00000145715,blue,RASA1
ENSG00000145725,brown,PPIP5K2
ENSG00000145730,black,PAM
ENSG00000145734,brown,BDP1
ENSG00000145740,black,SLC30A5
ENSG00000145779,purple,TNFAIP8
ENSG00000145817,black,YIPF5
ENSG00000145833,brown,DDX46
ENSG00000145936,brown,KCNMB1
ENSG00000146066,black,HIGD2A
ENSG00000146070,turquoise,PLA2G7
ENSG00000146094,turquoise,DOK3
ENSG00000146109,black,ABT1
ENSG00000146192,turquoise,FGD2
ENSG00000146197,turquoise,SCUBE3
ENSG00000146242,purple,TPBG
ENSG00000146250,turquoise,PRSS35
ENSG00000146263,brown,MMS22L
ENSG00000146267,brown,FAXC
ENSG00000146281,blue,PM20D2
ENSG00000146350,brown,TBC1D32
ENSG00000146373,blue,RNF217
ENSG00000146386,turquoise,ABRACL
ENSG00000146414,brown,SHPRH
ENSG00000146535,pink,GNA12
ENSG00000146592,greenyellow,CREB5
ENSG00000146670,salmon,CDCA5
ENSG00000146674,turquoise,IGFBP3
ENSG00000146834,black,MEPCE
ENSG00000146859,black,TMEM140
ENSG00000146950,green,SHROOM2
ENSG00000146963,brown,C7orf55-LUC7L2
ENSG00000146966,turquoise,DENND2A
ENSG00000147010,blue,SH3KBP1
ENSG00000147065,turquoise,MSN
ENSG00000147123,black,NDUFB11
ENSG00000147133,brown,TAF1
ENSG00000147162,brown,OGT
ENSG00000147164,black,SNX12
ENSG00000147174,brown,ACRC
ENSG00000147202,greenyellow,DIAPH2
ENSG00000147224,green,PRPS1
ENSG00000147257,black,GPC3
ENSG00000147408,blue,CSGALNACT1
ENSG00000147443,green,DOK2
ENSG00000147454,turquoise,SLC25A37
ENSG00000147459,turquoise,DOCK5
ENSG00000147548,brown,WHSC1L1
ENSG00000147576,black,ADHFE1
ENSG00000147601,brown,TERF1
ENSG00000147604,black,RPL7
ENSG00000147655,turquoise,RSPO2
ENSG00000147676,turquoise,MAL2
ENSG00000147853,blue,AK3
ENSG00000147872,purple,PLIN2
ENSG00000147955,black,SIGMAR1
ENSG00000148120,brown,C9orf3
ENSG00000148154,turquoise,UGCG
ENSG00000148218,pink,ALAD
ENSG00000148219,brown,ASTN2
ENSG00000148225,brown,WDR31
ENSG00000148334,black,PTGES2
ENSG00000148335,black,NTMT1
ENSG00000148358,black,GPR107
ENSG00000148400,green,NOTCH1
ENSG00000148411,green,NACC2
ENSG00000148481,blue,FAM188A
ENSG00000148484,blue,RSU1
ENSG00000148572,blue,NRBF2
ENSG00000148634,brown,HERC4
ENSG00000148690,brown,FRA10AC1
ENSG00000148719,black,DNAJB12
ENSG00000148737,turquoise,TCF7L2
ENSG00000148773,pink,MKI67
ENSG00000148814,brown,LRRC27
ENSG00000148835,blue,TAF5
ENSG00000148848,blue,ADAM12
ENSG00000148908,green,RGS10
ENSG00000148925,blue,BTBD10
ENSG00000149131,turquoise,SERPING1
ENSG00000149177,black,PTPRJ
ENSG00000149182,black,ARFGAP2
ENSG00000149231,brown,CCDC82
ENSG00000149269,black,PAK1
ENSG00000149273,black,RPS3
ENSG00000149300,blue,C11orf52
ENSG00000149311,brown,ATM
ENSG00000149357,black,LAMTOR1
ENSG00000149428,black,HYOU1
ENSG00000149564,black,ESAM
ENSG00000149591,turquoise,TAGLN
ENSG00000149716,brown,ORAOV1
ENSG00000149781,green,FERMT3
ENSG00000149792,black,MRPL49
ENSG00000149806,black,FAU
ENSG00000149823,black,VPS51
ENSG00000149923,black,PPP4C
ENSG00000150337,green,FCGR1A
ENSG00000150347,blue,ARID5B
ENSG00000150401,brown,DCUN1D2
ENSG00000150459,black,SAP18
ENSG00000150477,brown,KIAA1328
ENSG00000150540,turquoise,HNMT
ENSG00000150593,purple,PDCD4
ENSG00000150681,turquoise,RGS18
ENSG00000150687,turquoise,PRSS23
ENSG00000150779,black,TIMM8B
ENSG00000150991,black,UBC
ENSG00000151014,purple,CCRN4L
ENSG00000151150,blue,ANK3
ENSG00000151151,purple,IPMK
ENSG00000151233,greenyellow,GXYLT1
ENSG00000151239,blue,TWF1
ENSG00000151338,brown,MIPOL1
ENSG00000151348,black,EXT2
ENSG00000151414,blue,NEK7
ENSG00000151575,brown,TEX9
ENSG00000151657,brown,KIN
ENSG00000151693,turquoise,ASAP2
ENSG00000151694,blue,ADAM17
ENSG00000151726,turquoise,ACSL1
ENSG00000151773,brown,CCDC122
ENSG00000151849,brown,CENPJ
ENSG00000151923,brown,TIAL1
ENSG00000152061,blue,RABGAP1L
ENSG00000152102,black,FAM168B
ENSG00000152137,black,HSPB8
ENSG00000152147,brown,GEMIN6
ENSG00000152193,greenyellow,RNF219
ENSG00000152234,black,ATP5A1
ENSG00000152253,brown,SPC25
ENSG00000152291,blue,TGOLN2
ENSG00000152332,blue,UHMK1
ENSG00000152382,black,TADA1
ENSG00000152409,blue,JMY
ENSG00000152518,turquoise,ZFP36L2
ENSG00000152558,greenyellow,TMEM123
ENSG00000152795,greenyellow,HNRNPDL
ENSG00000152952,turquoise,PLOD2
ENSG00000153015,greenyellow,CWC27
ENSG00000153037,greenyellow,SRP19
ENSG00000153046,black,CDYL
ENSG00000153048,black,CARHSP1
ENSG00000153071,blue,DAB2
ENSG00000153250,blue,RBMS1
ENSG00000153560,brown,UBP1
ENSG00000153666,brown,GOLGA8I
ENSG00000153774,blue,CFDP1
ENSG00000153904,turquoise,DDAH1
ENSG00000153914,brown,SREK1
ENSG00000153922,brown,CHD1
ENSG00000153933,brown,DGKE
ENSG00000153944,pink,MSI2
ENSG00000153982,blue,GDPD1
ENSG00000154001,blue,PPP2R5E
ENSG00000154133,green,ROBO4
ENSG00000154237,green,LRRK1
ENSG00000154258,brown,ABCA9
ENSG00000154265,brown,ABCA5
ENSG00000154274,black,C4orf19
ENSG00000154305,greenyellow,MIA3
ENSG00000154429,purple,CCSAP
ENSG00000154518,black,ATP5G3
ENSG00000154553,turquoise,PDLIM3
ENSG00000154589,green,LY96
ENSG00000154640,pink,BTG3
ENSG00000154642,blue,C21orf91
ENSG00000154734,turquoise,ADAMTS1
ENSG00000154743,brown,TSEN2
ENSG00000154781,greenyellow,CCDC174
ENSG00000154822,blue,PLCL2
ENSG00000154839,brown,SKA1
ENSG00000154874,brown,CCDC144B
ENSG00000154898,brown,CCDC144CP
ENSG00000154914,black,USP43
ENSG00000154978,green,VOPP1
ENSG00000155026,brown,RSPH10B
ENSG00000155034,brown,FBXL18
ENSG00000155096,blue,AZIN1
ENSG00000155130,purple,MARCKS
ENSG00000155158,brown,TTC39B
ENSG00000155256,black,ZFYVE27
ENSG00000155304,black,HSPA13
ENSG00000155307,turquoise,SAMSN1
ENSG00000155324,black,GRAMD3
ENSG00000155366,black,RHOC
ENSG00000155368,pink,DBI
ENSG00000155465,green,SLC7A7
ENSG00000155545,blue,MIER3
ENSG00000155629,purple,PIK3AP1
ENSG00000155640,blue,C10orf12
ENSG00000155659,green,VSIG4
ENSG00000155792,turquoise,DEPTOR
ENSG00000155850,pink,SLC26A2
ENSG00000155876,black,RRAGA
ENSG00000155926,turquoise,SLA
ENSG00000155970,blue,MICU3
ENSG00000155974,blue,GRIP1
ENSG00000156042,brown,TTC18
ENSG00000156127,green,BATF
ENSG00000156218,brown,ADAMTSL3
ENSG00000156256,blue,USP16
ENSG00000156273,purple,BACH1
ENSG00000156381,purple,ANKRD9
ENSG00000156453,black,PCDH1
ENSG00000156482,black,RPL30
ENSG00000156500,brown,FAM122C
ENSG00000156504,brown,FAM122B
ENSG00000156508,black,EEF1A1
ENSG00000156535,turquoise,CD109
ENSG00000156599,black,ZDHHC5
ENSG00000156671,greenyellow,SAMD8
ENSG00000156711,black,MAPK13
ENSG00000156860,black,FBRS
ENSG00000156966,turquoise,B3GNT7
ENSG00000156970,pink,BUB1B
ENSG00000157020,black,SEC13
ENSG00000157106,brown,SMG1
ENSG00000157181,greenyellow,C1orf27
ENSG00000157191,black,NECAP2
ENSG00000157193,blue,LRP8
ENSG00000157450,greenyellow,RNF111
ENSG00000157456,pink,CCNB2
ENSG00000157540,blue,DYRK1A
ENSG00000157551,brown,KCNJ15
ENSG00000157593,black,SLC35B2
ENSG00000157600,black,TMEM164
ENSG00000157601,turquoise,MX1
ENSG00000157637,black,SLC38A10
ENSG00000157764,greenyellow,BRAF
ENSG00000157765,pink,SLC34A2
ENSG00000157796,brown,WDR19
ENSG00000157873,green,TNFRSF14
ENSG00000157911,black,PEX10
ENSG00000157978,black,LDLRAP1
ENSG00000158014,black,SLC30A2
ENSG00000158023,brown,WDR66
ENSG00000158195,green,WASF2
ENSG00000158417,brown,EIF5B
ENSG00000158578,turquoise,ALAS2
ENSG00000158604,black,TMED4
ENSG00000158615,black,PPP1R15B
ENSG00000158636,greenyellow,C11orf30
ENSG00000158691,brown,ZSCAN12
ENSG00000158747,green,NBL1
ENSG00000158796,black,DEDD
ENSG00000158828,black,PINK1
ENSG00000158850,black,B4GALT3
ENSG00000158856,turquoise,DMTN
ENSG00000158859,brown,ADAMTS4
ENSG00000158869,turquoise,FCER1G
ENSG00000158941,black,CCAR2
ENSG00000159023,turquoise,EPB41
ENSG00000159069,black,FBXW5
ENSG00000159086,brown,PAXBP1
ENSG00000159110,turquoise,IFNAR2
ENSG00000159111,black,MRPL10
ENSG00000159128,green,IFNGR2
ENSG00000159140,brown,SON
ENSG00000159166,black,LAD1
ENSG00000159256,purple,MORC3
ENSG00000159307,brown,SCUBE1
ENSG00000159346,black,ADIPOR1
ENSG00000159348,black,CYB5R1
ENSG00000159352,black,PSMD4
ENSG00000159377,black,PSMB4
ENSG00000159403,turquoise,C1R
ENSG00000159461,black,AMFR
ENSG00000159674,turquoise,SPON2
ENSG00000159692,black,CTBP1
ENSG00000159713,black,TPPP3
ENSG00000159720,black,ATP6V0D1
ENSG00000159842,turquoise,ABR
ENSG00000159873,blue,CCDC117
ENSG00000159905,brown,ZNF221
ENSG00000159921,blue,GNE
ENSG00000160058,black,BSDC1
ENSG00000160062,brown,ZBTB8A
ENSG00000160087,black,UBE2J2
ENSG00000160113,black,NR2F6
ENSG00000160131,blue,VMA21
ENSG00000160145,blue,KALRN
ENSG00000160199,purple,PKNOX1
ENSG00000160201,brown,U2AF1
ENSG00000160255,green,ITGB2
ENSG00000160293,turquoise,VAV2
ENSG00000160305,brown,DIP2A
ENSG00000160439,purple,RDH13
ENSG00000160446,black,ZDHHC12
ENSG00000160551,greenyellow,TAOK1
ENSG00000160563,black,MED27
ENSG00000160584,blue,SIK3
ENSG00000160588,turquoise,MPZL3
ENSG00000160593,turquoise,AMICA1
ENSG00000160606,black,TLCD1
ENSG00000160685,black,ZBTB7B
ENSG00000160752,salmon,FDPS
ENSG00000160789,black,LMNA
ENSG00000160796,turquoise,NBEAL2
ENSG00000160883,turquoise,HK3
ENSG00000161010,brown,C5orf45
ENSG00000161011,black,SQSTM1
ENSG00000161016,black,RPL8
ENSG00000161048,brown,NAPEPLD
ENSG00000161179,black,YDJC
ENSG00000161203,black,AP2M1
ENSG00000161395,black,PGAP3
ENSG00000161551,brown,ZNF577
ENSG00000161570,brown,CCL5
ENSG00000161618,black,ALDH16A1
ENSG00000161671,black,EMC10
ENSG00000161677,black,JOSD2
ENSG00000161714,turquoise,PLCD3
ENSG00000161800,pink,RACGAP1
ENSG00000161921,turquoise,CXCL16
ENSG00000161956,black,SENP3
ENSG00000161960,black,EIF4A1
ENSG00000161980,brown,POLR3K
ENSG00000161999,black,JMJD8
ENSG00000162032,black,SPSB3
ENSG00000162129,black,CLPB
ENSG00000162227,black,TAF6L
ENSG00000162236,black,STX5
ENSG00000162244,black,RPL29
ENSG00000162300,black,ZFPL1
ENSG00000162337,pink,LRP5
ENSG00000162390,brown,ACOT11
ENSG00000162407,black,PPAP2B
ENSG00000162434,turquoise,JAK1
ENSG00000162511,green,LAPTM5
ENSG00000162517,black,PEF1
ENSG00000162542,black,TMCO4
ENSG00000162545,turquoise,CAMK2N1
ENSG00000162551,turquoise,ALPL
ENSG00000162552,turquoise,WNT4
ENSG00000162576,green,MXRA8
ENSG00000162601,brown,MYSM1
ENSG00000162613,greenyellow,FUBP1
ENSG00000162627,turquoise,SNX7
ENSG00000162664,brown,ZNF326
ENSG00000162695,blue,SLC30A7
ENSG00000162711,turquoise,NLRP3
ENSG00000162735,black,PEX19
ENSG00000162736,black,NCSTN
ENSG00000162745,turquoise,OLFML2B
ENSG00000162747,turquoise,FCGR3B
ENSG00000162817,black,C1orf115
ENSG00000162819,black,BROX
ENSG00000162825,brown,NBPF8
ENSG00000162836,brown,ACP6
ENSG00000162852,black,CNST
ENSG00000162909,turquoise,CAPN2
ENSG00000162924,brown,REL
ENSG00000162929,brown,KIAA1841
ENSG00000162971,brown,TYW5
ENSG00000162980,blue,ARL5A
ENSG00000162981,pink,FAM84A
ENSG00000162998,blue,FRZB
ENSG00000163017,turquoise,ACTG2
ENSG00000163029,brown,SMC6
ENSG00000163093,brown,BBS5
ENSG00000163131,green,CTSS
ENSG00000163154,green,TNFAIP8L2
ENSG00000163166,blue,IWS1
ENSG00000163221,turquoise,S100A12
ENSG00000163249,turquoise,CCNYL1
ENSG00000163283,black,ALPP
ENSG00000163293,blue,NIPAL1
ENSG00000163346,black,PBXIP1
ENSG00000163347,blue,CLDN1
ENSG00000163348,black,PYGO2
ENSG00000163362,turquoise,C1orf106
ENSG00000163380,brown,LMOD3
ENSG00000163382,black,APOA1BP
ENSG00000163399,black,ATP1A1
ENSG00000163431,turquoise,LMOD1
ENSG00000163453,turquoise,IGFBP7
ENSG00000163463,black,KRTCAP2
ENSG00000163479,black,SSR2
ENSG00000163507,pink,KIAA1524
ENSG00000163510,greenyellow,CWC22
ENSG00000163520,green,FBLN2
ENSG00000163527,blue,STT3B
ENSG00000163535,pink,SGOL2
ENSG00000163536,blue,SERPINI1
ENSG00000163596,brown,ICA1L
ENSG00000163602,blue,RYBP
ENSG00000163605,blue,PPP4R2
ENSG00000163606,green,CD200R1
ENSG00000163624,blue,CDS1
ENSG00000163634,blue,THOC7
ENSG00000163635,blue,ATXN7
ENSG00000163660,brown,CCNL1
ENSG00000163687,turquoise,DNASE1L3
ENSG00000163694,blue,RBM47
ENSG00000163714,brown,U2SURP
ENSG00000163728,brown,TTC14
ENSG00000163803,green,PLB1
ENSG00000163806,brown,SPDYA
ENSG00000163817,brown,SLC6A20
ENSG00000163823,green,CCR1
ENSG00000163870,black,TPRA1
ENSG00000163902,black,RPN1
ENSG00000163909,turquoise,HEYL
ENSG00000163931,black,TKT
ENSG00000163956,black,LRPAP1
ENSG00000163993,black,S100P
ENSG00000164007,turquoise,CLDN19
ENSG00000164023,blue,SGMS2
ENSG00000164032,black,H2AFZ
ENSG00000164045,pink,CDC25A
ENSG00000164054,black,SHISA5
ENSG00000164062,black,APEH
ENSG00000164066,brown,INTU
ENSG00000164081,black,TEX264
ENSG00000164109,pink,MAD2L1
ENSG00000164111,blue,ANXA5
ENSG00000164125,turquoise,FAM198B
ENSG00000164136,brown,IL15
ENSG00000164171,turquoise,ITGA2
ENSG00000164172,pink,MOCS2
ENSG00000164176,turquoise,EDIL3
ENSG00000164180,greenyellow,TMEM161B
ENSG00000164190,brown,NIPBL
ENSG00000164244,blue,PRRC1
ENSG00000164253,turquoise,WDR41
ENSG00000164265,brown,SCGB3A2
ENSG00000164292,blue,RHOBTB3
ENSG00000164294,turquoise,GPX8
ENSG00000164300,black,SERINC5
ENSG00000164327,blue,RICTOR
ENSG00000164342,purple,TLR3
ENSG00000164398,brown,ACSL6
ENSG00000164405,black,UQCRQ
ENSG00000164442,turquoise,CITED2
ENSG00000164463,blue,CREBRF
ENSG00000164488,black,DACT2
ENSG00000164543,blue,STK17A
ENSG00000164548,brown,TRA2A
ENSG00000164587,black,RPS14
ENSG00000164611,pink,PTTG1
ENSG00000164638,brown,SLC29A4
ENSG00000164663,brown,USP49
ENSG00000164684,turquoise,ZNF704
ENSG00000164692,turquoise,COL1A2
ENSG00000164707,pink,SLC13A4
ENSG00000164849,purple,GPR146
ENSG00000164889,black,SLC4A2
ENSG00000164897,black,TMUB1
ENSG00000164902,greenyellow,PHAX
ENSG00000164904,pink,ALDH7A1
ENSG00000164949,turquoise,GEM
ENSG00000164967,black,RPP25L
ENSG00000164970,purple,FAM219A
ENSG00000164976,pink,KIAA1161
ENSG00000164989,brown,CCDC171
ENSG00000165025,green,SYK
ENSG00000165030,purple,NFIL3
ENSG00000165092,turquoise,ALDH1A1
ENSG00000165115,greenyellow,KIF27
ENSG00000165121,brown,RP11-213G2.3
ENSG00000165124,purple,SVEP1
ENSG00000165168,green,CYBB
ENSG00000165169,blue,DYNLT3
ENSG00000165264,black,NDUFB6
ENSG00000165280,black,VCP
ENSG00000165282,black,PIGO
ENSG00000165283,black,STOML2
ENSG00000165304,pink,MELK
ENSG00000165312,purple,OTUD1
ENSG00000165406,turquoise,MARCH8
ENSG00000165417,blue,GTF2A1
ENSG00000165443,blue,PHYHIPL
ENSG00000165476,blue,REEP3
ENSG00000165490,pink,C11orf82
ENSG00000165494,brown,PCF11
ENSG00000165525,brown,NEMF
ENSG00000165672,black,PRDX3
ENSG00000165678,black,GHITM
ENSG00000165782,black,TMEM55B
ENSG00000165802,turquoise,NSMF
ENSG00000165805,brown,C12orf50
ENSG00000165813,greenyellow,C10orf118
ENSG00000165861,black,ZFYVE1
ENSG00000165879,black,FRAT1
ENSG00000165891,pink,E2F7
ENSG00000165895,blue,ARHGAP42
ENSG00000165912,black,PACSIN3
ENSG00000165916,black,PSMC3
ENSG00000165929,blue,TC2N
ENSG00000166004,brown,KIAA1731
ENSG00000166073,turquoise,GPR176
ENSG00000166130,turquoise,IKBIP
ENSG00000166136,black,NDUFB8
ENSG00000166147,turquoise,FBN1
ENSG00000166164,greenyellow,BRD7
ENSG00000166165,turquoise,CKB
ENSG00000166189,black,HPS6
ENSG00000166225,blue,FRS2
ENSG00000166311,black,SMPD1
ENSG00000166313,green,APBB1
ENSG00000166337,blue,TAF10
ENSG00000166341,green,DCHS1
ENSG00000166377,brown,ATP9B
ENSG00000166387,turquoise,PPFIBP2
ENSG00000166398,purple,KIAA0355
ENSG00000166411,blue,IDH3A
ENSG00000166415,brown,WDR72
ENSG00000166432,brown,ZMAT1
ENSG00000166436,brown,TRIM66
ENSG00000166446,black,CDYL2
ENSG00000166482,turquoise,MFAP4
ENSG00000166483,purple,WEE1
ENSG00000166501,turquoise,PRKCB
ENSG00000166532,greenyellow,RIMKLB
ENSG00000166546,turquoise,BEAN1
ENSG00000166579,greenyellow,NDEL1
ENSG00000166595,black,FAM96B
ENSG00000166598,blue,HSP90B1
ENSG00000166681,pink,NGFRAP1
ENSG00000166710,turquoise,B2M
ENSG00000166741,green,NNMT
ENSG00000166762,brown,CATSPER2
ENSG00000166794,black,PPIB
ENSG00000166825,turquoise,ANPEP
ENSG00000166833,turquoise,NAV2
ENSG00000166848,greenyellow,TERF2IP
ENSG00000166863,turquoise,TAC3
ENSG00000166869,brown,CHP2
ENSG00000166881,blue,TMEM194A
ENSG00000166886,black,NAB2
ENSG00000166889,blue,PATL1
ENSG00000166900,blue,STX3
ENSG00000166908,black,PIP4K2C
ENSG00000166912,blue,MTMR10
ENSG00000166925,black,TSC22D4
ENSG00000166928,brown,MS4A14
ENSG00000166947,turquoise,EPB42
ENSG00000166949,turquoise,SMAD3
ENSG00000166971,blue,AKTIP
ENSG00000167004,blue,PDIA3
ENSG00000167085,black,PHB
ENSG00000167110,blue,GOLGA2
ENSG00000167118,black,URM1
ENSG00000167130,black,DOLPP1
ENSG00000167136,turquoise,ENDOG
ENSG00000167173,black,C15orf39
ENSG00000167196,purple,FBXO22
ENSG00000167207,turquoise,NOD2
ENSG00000167232,greenyellow,ZNF91
ENSG00000167257,greenyellow,RNF214
ENSG00000167306,black,MYO5B
ENSG00000167323,black,STIM1
ENSG00000167447,black,SMG8
ENSG00000167483,brown,FAM129C
ENSG00000167508,green,MVD
ENSG00000167513,pink,CDT1
ENSG00000167523,brown,SPATA33
ENSG00000167536,black,DHRS13
ENSG00000167543,black,TP53I13
ENSG00000167565,black,SERTAD3
ENSG00000167578,black,RAB4B
ENSG00000167601,green,AXL
ENSG00000167637,brown,ZNF283
ENSG00000167642,black,SPINT2
ENSG00000167644,turquoise,C19orf33
ENSG00000167654,brown,ATCAY
ENSG00000167657,black,DAPK3
ENSG00000167671,black,UBXN6
ENSG00000167693,turquoise,NXN
ENSG00000167695,green,FAM57A
ENSG00000167700,black,MFSD3
ENSG00000167703,black,SLC43A2
ENSG00000167723,brown,TRPV3
ENSG00000167765,brown,AC018755.1
ENSG00000167766,brown,ZNF83
ENSG00000167770,black,OTUB1
ENSG00000167772,black,ANGPTL4
ENSG00000167775,black,CD320
ENSG00000167778,black,SPRYD3
ENSG00000167815,black,PRDX2
ENSG00000167851,green,CD300A
ENSG00000167863,black,ATP5H
ENSG00000167880,turquoise,EVPL
ENSG00000167895,green,TMC8
ENSG00000167900,salmon,TK1
ENSG00000167930,black,ITFG3
ENSG00000167978,brown,SRRM2
ENSG00000167986,black,DDB1
ENSG00000167992,turquoise,VWCE
ENSG00000167994,green,RAB3IL1
ENSG00000167995,brown,BEST1
ENSG00000167996,turquoise,FTH1
ENSG00000168003,black,SLC3A2
ENSG00000168028,black,RPSA
ENSG00000168040,black,FADD
ENSG00000168078,pink,PBK
ENSG00000168079,turquoise,SCARA5
ENSG00000168092,blue,PAFAH1B2
ENSG00000168209,green,DDIT4
ENSG00000168216,black,LMBRD1
ENSG00000168242,salmon,HIST1H2BI
ENSG00000168264,purple,IRF2BP2
ENSG00000168268,turquoise,NT5DC2
ENSG00000168274,salmon,HIST1H2AE
ENSG00000168283,blue,BMI1
ENSG00000168288,black,MMADHC
ENSG00000168374,black,ARF4
ENSG00000168389,black,MFSD2A
ENSG00000168439,blue,STIP1
ENSG00000168447,black,SCNN1B
ENSG00000168542,turquoise,COL3A1
ENSG00000168614,brown,NBPF9
ENSG00000168679,blue,SLC16A4
ENSG00000168685,turquoise,IL7R
ENSG00000168701,black,TMEM208
ENSG00000168758,purple,SEMA4C
ENSG00000168785,turquoise,TSPAN5
ENSG00000168802,black,CHTF8
ENSG00000168818,greenyellow,STX18
ENSG00000168824,blue,NSG1
ENSG00000168876,greenyellow,ANKRD49
ENSG00000168936,black,TMEM129
ENSG00000168961,green,LGALS9
ENSG00000168994,black,PXDC1
ENSG00000169045,brown,HNRNPH1
ENSG00000169139,blue,UBE2V2
ENSG00000169213,blue,RAB3B
ENSG00000169217,black,CD2BP2
ENSG00000169223,black,LMAN2
ENSG00000169231,turquoise,THBS3
ENSG00000169239,brown,CA5B
ENSG00000169246,brown,NPIPB3
ENSG00000169249,brown,ZRSR2
ENSG00000169403,green,PTAFR
ENSG00000169413,green,RNASE6
ENSG00000169429,turquoise,IL8
ENSG00000169439,turquoise,SDC2
ENSG00000169550,blue,MUC15
ENSG00000169583,black,CLIC3
ENSG00000169604,turquoise,ANTXR1
ENSG00000169607,pink,CKAP2L
ENSG00000169679,pink,BUB1
ENSG00000169682,black,SPNS1
ENSG00000169727,black,GPS1
ENSG00000169762,blue,TAPT1
ENSG00000169814,black,BTD
ENSG00000169877,turquoise,AHSP
ENSG00000169891,turquoise,REPS2
ENSG00000169896,green,ITGAM
ENSG00000169902,green,TPST1
ENSG00000169905,blue,TOR1AIP2
ENSG00000169946,brown,ZFPM2
ENSG00000169967,blue,MAP3K2
ENSG00000169976,black,SF3B5
ENSG00000169994,turquoise,MYO7B
ENSG00000170006,turquoise,TMEM154
ENSG00000170017,turquoise,ALCAM
ENSG00000170027,black,YWHAG
ENSG00000170160,brown,CCDC144A
ENSG00000170190,black,SLC16A5
ENSG00000170242,greenyellow,USP47
ENSG00000170264,brown,FAM161A
ENSG00000170265,black,ZNF282
ENSG00000170312,pink,CDK1
ENSG00000170315,black,UBB
ENSG00000170325,blue,PRDM10
ENSG00000170348,black,TMED10
ENSG00000170379,purple,FAM115C
ENSG00000170417,brown,TMEM182
ENSG00000170421,black,KRT8
ENSG00000170502,greenyellow,NUDT9
ENSG00000170509,brown,HSD17B13
ENSG00000170525,turquoise,PFKFB3
ENSG00000170545,pink,SMAGP
ENSG00000170619,black,COMMD5
ENSG00000170647,blue,TMEM133
ENSG00000170677,blue,SOCS6
ENSG00000170759,blue,KIF5B
ENSG00000170801,green,HTRA3
ENSG00000170836,blue,PPM1D
ENSG00000170848,blue,PSG6
ENSG00000170854,blue,MINA
ENSG00000170860,greenyellow,LSM3
ENSG00000170871,blue,KIAA0232
ENSG00000170876,black,TMEM43
ENSG00000170881,blue,RNF139
ENSG00000170906,black,NDUFA3
ENSG00000170949,brown,ZNF160
ENSG00000171004,pink,HS6ST2
ENSG00000171017,black,LRRC8E
ENSG00000171049,turquoise,FPR2
ENSG00000171051,green,FPR1
ENSG00000171100,blue,MTM1
ENSG00000171105,black,INSR
ENSG00000171109,brown,MFN1
ENSG00000171161,black,ZNF672
ENSG00000171222,black,SCAND1
ENSG00000171241,pink,SHCBP1
ENSG00000171302,black,CANT1
ENSG00000171314,black,PGAM1
ENSG00000171345,purple,KRT19
ENSG00000171443,black,ZNF524
ENSG00000171466,brown,ZNF562
ENSG00000171476,black,HOPX
ENSG00000171530,greenyellow,TBCA
ENSG00000171604,black,CXXC5
ENSG00000171608,green,PIK3CD
ENSG00000171659,turquoise,GPR34
ENSG00000171681,greenyellow,ATF7IP
ENSG00000171700,green,RGS19
ENSG00000171720,black,HDAC3
ENSG00000171791,purple,BCL2
ENSG00000171812,turquoise,COL8A2
ENSG00000171848,pink,RRM2
ENSG00000171858,black,RPS21
ENSG00000171860,green,C3AR1
ENSG00000171863,black,RPS7
ENSG00000171914,turquoise,TLN2
ENSG00000171940,greenyellow,ZNF217
ENSG00000171988,greenyellow,JMJD1C
ENSG00000172046,black,USP19
ENSG00000172053,black,QARS
ENSG00000172057,black,ORMDL3
ENSG00000172086,greenyellow,KRCC1
ENSG00000172197,brown,MBOAT1
ENSG00000172215,purple,CXCR6
ENSG00000172216,black,CEBPB
ENSG00000172243,turquoise,CLEC7A
ENSG00000172260,brown,NEGR1
ENSG00000172262,greenyellow,ZNF131
ENSG00000172270,black,BSG
ENSG00000172296,purple,SPTLC3
ENSG00000172318,brown,B3GALT1
ENSG00000172331,blue,BPGM
ENSG00000172336,black,POP7
ENSG00000172380,blue,GNG12
ENSG00000172382,brown,PRSS27
ENSG00000172403,turquoise,SYNPO2
ENSG00000172409,black,CLP1
ENSG00000172469,turquoise,MANEA
ENSG00000172493,blue,AFF1
ENSG00000172500,black,FIBP
ENSG00000172531,black,PPP1CA
ENSG00000172613,brown,RAD9A
ENSG00000172638,green,EFEMP2
ENSG00000172650,brown,AGAP5
ENSG00000172660,brown,TAF15
ENSG00000172725,black,CORO1B
ENSG00000172766,brown,NAA16
ENSG00000172795,purple,DCP2
ENSG00000172818,black,OVOL1
ENSG00000172828,brown,CES3
ENSG00000172845,blue,SP3
ENSG00000172888,greenyellow,ZNF621
ENSG00000172900,brown,AP002387.1
ENSG00000172954,brown,LCLAT1
ENSG00000172977,black,KAT5
ENSG00000173011,purple,TADA2B
ENSG00000173041,brown,ZNF680
ENSG00000173113,black,TRMT112
ENSG00000173153,black,ESRRA
ENSG00000173156,black,RHOD
ENSG00000173171,black,MTX1
ENSG00000173198,brown,CYSLTR1
ENSG00000173200,brown,PARP15
ENSG00000173209,brown,AHSA2
ENSG00000173212,brown,MAB21L3
ENSG00000173214,purple,KIAA1919
ENSG00000173221,black,GLRX
ENSG00000173230,brown,GOLGB1
ENSG00000173258,brown,ZNF483
ENSG00000173264,black,GPR137
ENSG00000173276,blue,ZBTB21
ENSG00000173281,purple,PPP1R3B
ENSG00000173369,green,C1QB
ENSG00000173402,black,DAG1
ENSG00000173421,brown,CCDC36
ENSG00000173457,black,PPP1R14B
ENSG00000173465,black,SSSCA1
ENSG00000173486,blue,FKBP2
ENSG00000173517,brown,PEAK1
ENSG00000173546,turquoise,CSPG4
ENSG00000173548,turquoise,SNX33
ENSG00000173559,brown,NABP1
ENSG00000173575,brown,CHD2
ENSG00000173578,turquoise,XCR1
ENSG00000173597,brown,SULT1B1
ENSG00000173611,brown,SCAI
ENSG00000173614,brown,NMNAT1
ENSG00000173653,black,RCE1
ENSG00000173681,brown,CXorf23
ENSG00000173744,purple,AGFG1
ENSG00000173757,black,STAT5B
ENSG00000173848,blue,NET1
ENSG00000173852,pink,DPY19L1
ENSG00000173889,greenyellow,PHC3
ENSG00000173918,black,C1QTNF1
ENSG00000173947,purple,PIFO
ENSG00000174004,green,NRROS
ENSG00000174093,brown,RP11-1407O15.2
ENSG00000174099,turquoise,MSRB3
ENSG00000174125,green,TLR1
ENSG00000174165,black,ZDHHC24
ENSG00000174197,greenyellow,MGA
ENSG00000174243,black,DDX23
ENSG00000174348,turquoise,PODN
ENSG00000174371,pink,EXO1
ENSG00000174373,greenyellow,RALGAPA1
ENSG00000174405,greenyellow,LIG4
ENSG00000174444,black,RPL4
ENSG00000174456,brown,C12orf76
ENSG00000174501,brown,ANKRD36C
ENSG00000174574,blue,AKIRIN1
ENSG00000174600,green,CMKLR1
ENSG00000174607,brown,UGT8
ENSG00000174697,purple,LEP
ENSG00000174705,turquoise,SH3PXD2B
ENSG00000174718,brown,KIAA1551
ENSG00000174720,greenyellow,LARP7
ENSG00000174748,black,RPL15
ENSG00000174749,brown,C4orf32
ENSG00000174799,brown,CEP135
ENSG00000174851,black,YIF1A
ENSG00000174886,black,NDUFA11
ENSG00000174903,black,RAB1B
ENSG00000174917,black,C19orf70
ENSG00000174938,green,SEZ6L2
ENSG00000175040,turquoise,CHST2
ENSG00000175063,pink,UBE2C
ENSG00000175084,turquoise,DES
ENSG00000175106,brown,TVP23C
ENSG00000175115,green,PACS1
ENSG00000175137,black,SH3BP5L
ENSG00000175170,brown,FAM182B
ENSG00000175213,black,ZNF408
ENSG00000175221,black,MED16
ENSG00000175224,black,ATG13
ENSG00000175283,black,DOLK
ENSG00000175315,turquoise,CST6
ENSG00000175348,black,TMEM9B
ENSG00000175352,brown,NRIP3
ENSG00000175455,brown,CCDC14
ENSG00000175489,green,LRRC25
ENSG00000175550,black,DRAP1
ENSG00000175573,black,C11orf68
ENSG00000175582,greenyellow,RAB6A
ENSG00000175591,black,P2RY2
ENSG00000175707,black,C1orf172
ENSG00000175727,turquoise,MLXIP
ENSG00000175756,black,AURKAIP1
ENSG00000175782,brown,SLC35E3
ENSG00000176014,turquoise,TUBB6
ENSG00000176087,black,SLC35A4
ENSG00000176095,black,IP6K1
ENSG00000176101,black,SSNA1
ENSG00000176124,brown,DLEU1
ENSG00000176142,blue,TMEM39A
ENSG00000176204,brown,LRRTM4
ENSG00000176244,brown,ACBD7
ENSG00000176340,black,COX8A
ENSG00000176396,black,EID2
ENSG00000176485,purple,PLA2G16
ENSG00000176532,turquoise,PRR15
ENSG00000176542,greenyellow,KIAA2018
ENSG00000176593,brown,CTD-2368P22.1
ENSG00000176715,brown,ACSF3
ENSG00000176720,green,BOK
ENSG00000176788,purple,BASP1
ENSG00000176890,pink,TYMS
ENSG00000176903,turquoise,PNMA1
ENSG00000176946,black,THAP4
ENSG00000176971,turquoise,FIBIN
ENSG00000176986,black,SEC24C
ENSG00000177000,green,MTHFR
ENSG00000177076,purple,ACER2
ENSG00000177105,black,RHOG
ENSG00000177311,blue,ZBTB38
ENSG00000177352,black,CCDC71
ENSG00000177425,blue,PAWR
ENSG00000177565,purple,TBL1XR1
ENSG00000177576,blue,C18orf32
ENSG00000177628,black,GBA
ENSG00000177663,turquoise,IL17RA
ENSG00000177683,blue,THAP5
ENSG00000177707,blue,PVRL3
ENSG00000177733,black,HNRNPA0
ENSG00000177830,black,CHID1
ENSG00000177888,blue,ZBTB41
ENSG00000177917,black,ARL6IP6
ENSG00000177954,black,RPS27
ENSG00000177963,black,RIC8A
ENSG00000178035,black,IMPDH2
ENSG00000178105,brown,DDX10
ENSG00000178162,brown,FAR2P2
ENSG00000178202,black,KDELC2
ENSG00000178567,brown,EPM2AIP1
ENSG00000178665,brown,ZNF713
ENSG00000178741,black,COX5A
ENSG00000178860,green,MSC
ENSG00000178913,greenyellow,TAF7
ENSG00000178982,black,EIF3K
ENSG00000178997,brown,EXD1
ENSG00000179091,black,CYC1
ENSG00000179119,black,SPTY2D1
ENSG00000179218,black,CALR
ENSG00000179240,brown,RP11-111M22.2
ENSG00000179262,black,RAD23A
ENSG00000179403,black,VWA1
ENSG00000179532,brown,DNHD1
ENSG00000179562,black,GCC1
ENSG00000179604,black,CDC42EP4
ENSG00000179632,black,MAF1
ENSG00000179698,brown,KIAA1875
ENSG00000179761,turquoise,PIPOX
ENSG00000179820,turquoise,MYADM
ENSG00000179841,brown,AKAP5
ENSG00000179869,brown,ABCA13
ENSG00000179950,black,PUF60
ENSG00000179958,salmon,DCTPP1
ENSG00000179979,brown,CRIPAK
ENSG00000179988,brown,PSTK
ENSG00000180011,brown,ZADH2
ENSG00000180178,brown,FAR2P1
ENSG00000180233,purple,ZNRF2
ENSG00000180251,blue,SLC9A4
ENSG00000180376,brown,CCDC66
ENSG00000180398,blue,MCFD2
ENSG00000180447,turquoise,GAS1
ENSG00000180448,purple,HMHA1
ENSG00000180479,brown,ZNF571
ENSG00000180481,brown,GLIPR1L2
ENSG00000180488,greenyellow,FAM73A
ENSG00000180530,purple,NRIP1
ENSG00000180611,black,MB21D2
ENSG00000180672,pink,AC007362.1
ENSG00000180747,brown,CTD-2547E10.2
ENSG00000180758,purple,GPR157
ENSG00000180776,black,ZDHHC20
ENSG00000180817,pink,PPA1
ENSG00000180822,brown,PSMG4
ENSG00000180871,turquoise,CXCR2
ENSG00000180879,black,SSR4
ENSG00000180891,green,CUEDC1
ENSG00000180900,black,SCRIB
ENSG00000180901,black,KCTD2
ENSG00000180992,black,MRPL14
ENSG00000181027,black,FKRP
ENSG00000181029,black,TRAPPC5
ENSG00000181045,black,SLC26A11
ENSG00000181104,turquoise,F2R
ENSG00000181126,brown,HLA-V
ENSG00000181143,turquoise,MUC16
ENSG00000181191,blue,PJA1
ENSG00000181458,brown,TMEM45A
ENSG00000181619,brown,GPR135
ENSG00000181666,brown,HKR1
ENSG00000181690,blue,PLAG1
ENSG00000181704,blue,YIPF6
ENSG00000181789,black,COPG1
ENSG00000181804,green,SLC9A9
ENSG00000181826,black,RELL1
ENSG00000181885,black,CLDN7
ENSG00000182010,pink,RTKN2
ENSG00000182022,turquoise,CHST15
ENSG00000182107,black,TMEM30B
ENSG00000182108,black,DEXI
ENSG00000182117,black,NOP10
ENSG00000182141,brown,ZNF708
ENSG00000182149,black,IST1
ENSG00000182158,blue,CREB3L2
ENSG00000182180,black,MRPS16
ENSG00000182240,black,BACE2
ENSG00000182253,turquoise,SYNM
ENSG00000182318,brown,ZSCAN22
ENSG00000182326,turquoise,C1S
ENSG00000182329,brown,AC079354.1
ENSG00000182389,brown,CACNB4
ENSG00000182400,greenyellow,TRAPPC6B
ENSG00000182489,black,XKRX
ENSG00000182512,black,GLRX5
ENSG00000182534,turquoise,MXRA7
ENSG00000182541,black,LIMK2
ENSG00000182544,black,MFSD5
ENSG00000182545,brown,RNASE10
ENSG00000182572,salmon,HIST1H3I
ENSG00000182575,turquoise,NXPH3
ENSG00000182580,purple,EPHB3
ENSG00000182611,pink,HIST1H2AJ
ENSG00000182612,brown,TSPAN10
ENSG00000182646,black,FAM156A
ENSG00000182749,black,PAQR7
ENSG00000182752,blue,PAPPA
ENSG00000182809,black,CRIP2
ENSG00000182810,black,DDX28
ENSG00000182858,black,ALG12
ENSG00000182871,green,COL18A1
ENSG00000182899,black,RPL35A
ENSG00000182903,brown,ZNF721
ENSG00000182934,black,SRPR
ENSG00000182986,brown,ZNF320
ENSG00000183010,turquoise,PYCR1
ENSG00000183023,turquoise,SLC8A1
ENSG00000183054,greenyellow,RGPD6
ENSG00000183087,green,GAS6
ENSG00000183098,turquoise,GPC6
ENSG00000183111,blue,ARHGEF37
ENSG00000183160,turquoise,TMEM119
ENSG00000183206,brown,POTEC
ENSG00000183255,black,PTTG1IP
ENSG00000183317,brown,EPHA10
ENSG00000183340,brown,JRKL
ENSG00000183354,greenyellow,KIAA2026
ENSG00000183476,blue,SH2D7
ENSG00000183486,turquoise,MX2
ENSG00000183508,turquoise,FAM46C
ENSG00000183579,pink,ZNRF3
ENSG00000183598,salmon,HIST2H3D
ENSG00000183617,black,MRPL54
ENSG00000183668,black,PSG9
ENSG00000183691,turquoise,NOG
ENSG00000183723,turquoise,CMTM4
ENSG00000183734,turquoise,ASCL2
ENSG00000183735,blue,TBK1
ENSG00000183751,black,TBL3
ENSG00000183808,brown,RBM12B
ENSG00000183963,turquoise,SMTN
ENSG00000183978,black,COA3
ENSG00000184224,brown,C11orf72
ENSG00000184270,salmon,HIST2H2AB
ENSG00000184281,black,TSSC4
ENSG00000184319,brown,RPL23AP82
ENSG00000184347,turquoise,SLIT3
ENSG00000184348,salmon,HIST1H2AK
ENSG00000184357,salmon,HIST1H1B
ENSG00000184363,black,PKP3
ENSG00000184368,pink,MAP7D2
ENSG00000184371,green,CSF1
ENSG00000184414,brown,RP11-44M6.3
ENSG00000184436,black,THAP7
ENSG00000184465,brown,WDR27
ENSG00000184517,blue,ZFP1
ENSG00000184640,salmon,SEPT9
ENSG00000184678,black,HIST2H2BE
ENSG00000184792,turquoise,OSBP2
ENSG00000184825,salmon,HIST1H2AH
ENSG00000184840,black,TMED9
ENSG00000184863,brown,RBM33
ENSG00000184916,green,JAG2
ENSG00000184984,turquoise,CHRM5
ENSG00000185022,blue,MAFF
ENSG00000185049,black,NELFA
ENSG00000185085,black,INTS5
ENSG00000185127,black,C6orf120
ENSG00000185129,blue,PURA
ENSG00000185130,salmon,HIST1H2BL
ENSG00000185158,brown,LRRC37B
ENSG00000185163,brown,DDX51
ENSG00000185246,brown,PRPF39
ENSG00000185250,brown,PPIL6
ENSG00000185269,turquoise,NOTUM
ENSG00000185305,pink,ARL15
ENSG00000185345,brown,PARK2
ENSG00000185404,brown,SP140L
ENSG00000185436,brown,IFNLR1
ENSG00000185442,turquoise,FAM174B
ENSG00000185475,black,TMEM179B
ENSG00000185483,turquoise,ROR1
ENSG00000185507,green,IRF7
ENSG00000185567,turquoise,AHNAK2
ENSG00000185591,blue,SP1
ENSG00000185624,black,P4HB
ENSG00000185634,brown,SHC4
ENSG00000185664,black,PMEL
ENSG00000185670,black,ZBTB3
ENSG00000185697,greenyellow,MYBL1
ENSG00000185721,black,DRG1
ENSG00000185745,turquoise,IFIT1
ENSG00000185811,turquoise,IKZF1
ENSG00000185825,black,BCAP31
ENSG00000185864,brown,NPIPB4
ENSG00000185869,brown,ZNF829
ENSG00000185896,black,LAMP1
ENSG00000185900,black,POMK
ENSG00000185946,brown,RNPC3
ENSG00000185989,turquoise,RASA3
ENSG00000186001,brown,LRCH3
ENSG00000186010,black,NDUFA13
ENSG00000186111,green,PIP5K1C
ENSG00000186222,black,BLOC1S4
ENSG00000186329,brown,TMEM212
ENSG00000186340,turquoise,THBS2
ENSG00000186352,purple,ANKRD37
ENSG00000186409,brown,CCDC30
ENSG00000186417,blue,GLDN
ENSG00000186468,black,RPS23
ENSG00000186480,purple,INSIG1
ENSG00000186487,brown,MYT1L
ENSG00000186501,black,TMEM222
ENSG00000186517,green,ARHGAP30
ENSG00000186652,turquoise,PRG2
ENSG00000186660,blue,ZFP91
ENSG00000186716,black,BCR
ENSG00000186812,brown,ZNF397
ENSG00000186814,brown,ZSCAN30
ENSG00000186854,brown,TRABD2A
ENSG00000186862,purple,PDZD7
ENSG00000186918,purple,ZNF395
ENSG00000187079,turquoise,TEAD1
ENSG00000187210,turquoise,GCNT1
ENSG00000187266,green,EPOR
ENSG00000187474,turquoise,FPR3
ENSG00000187486,brown,KCNJ11
ENSG00000187492,brown,CDHR4
ENSG00000187498,green,COL4A1
ENSG00000187605,purple,TET3
ENSG00000187667,brown,WHAMMP3
ENSG00000187688,green,TRPV2
ENSG00000187713,black,TMEM203
ENSG00000187715,brown,KBTBD12
ENSG00000187742,greenyellow,SECISBP2
ENSG00000187764,turquoise,SEMA4D
ENSG00000187837,black,HIST1H1C
ENSG00000187838,green,TMEM256-PLSCR3
ENSG00000187860,brown,CCDC157
ENSG00000187990,salmon,HIST1H2BG
ENSG00000188064,brown,WNT7B
ENSG00000188107,brown,EYS
ENSG00000188112,turquoise,C6orf132
ENSG00000188153,turquoise,COL4A5
ENSG00000188157,turquoise,AGRN
ENSG00000188177,greenyellow,ZC3H6
ENSG00000188186,black,LAMTOR4
ENSG00000188227,brown,ZNF793
ENSG00000188342,blue,GTF2F2
ENSG00000188404,turquoise,SELL
ENSG00000188486,salmon,H2AFX
ENSG00000188536,turquoise,HBA2
ENSG00000188596,brown,C12orf55
ENSG00000188603,black,CLN3
ENSG00000188647,blue,PTAR1
ENSG00000188706,turquoise,ZDHHC9
ENSG00000188732,brown,FAM221A
ENSG00000188738,brown,FSIP2
ENSG00000188822,brown,CNR2
ENSG00000188910,turquoise,GJB3
ENSG00000188938,purple,FAM120AOS
ENSG00000188994,blue,ZNF292
ENSG00000189042,greenyellow,ZNF567
ENSG00000189043,black,NDUFA4
ENSG00000189079,greenyellow,ARID2
ENSG00000189136,brown,UBE2Q2P1
ENSG00000189143,black,CLDN4
ENSG00000189159,turquoise,HN1
ENSG00000189164,brown,ZNF527
ENSG00000189212,brown,DPY19L2P1
ENSG00000189221,black,MAOA
ENSG00000189298,brown,ZKSCAN3
ENSG00000189306,black,RRP7A
ENSG00000189332,greenyellow,RP11-113D6.10
ENSG00000189350,brown,FAM179A
ENSG00000189409,turquoise,MMP23B
ENSG00000196074,brown,SYCP2
ENSG00000196083,purple,IL1RAP
ENSG00000196138,brown,AC005831.1
ENSG00000196154,turquoise,S100A4
ENSG00000196176,salmon,HIST1H4A
ENSG00000196177,brown,ACADSB
ENSG00000196182,black,STK40
ENSG00000196199,brown,MPHOSPH8
ENSG00000196226,salmon,HIST1H2BB
ENSG00000196233,blue,LCOR
ENSG00000196236,brown,XPNPEP3
ENSG00000196247,brown,ZNF107
ENSG00000196262,green,PPIA
ENSG00000196263,brown,ZNF471
ENSG00000196268,brown,ZNF493
ENSG00000196290,black,NIF3L1
ENSG00000196331,salmon,HIST1H2BO
ENSG00000196345,brown,ZKSCAN7
ENSG00000196352,blue,CD55
ENSG00000196355,brown,AC021860.1
ENSG00000196374,salmon,HIST1H2BM
ENSG00000196417,purple,ZNF765
ENSG00000196428,purple,TSC22D2
ENSG00000196440,brown,ARMCX4
ENSG00000196449,black,YRDC
ENSG00000196458,greenyellow,ZNF605
ENSG00000196470,blue,SIAH1
ENSG00000196482,blue,ESRRG
ENSG00000196504,greenyellow,PRPF40A
ENSG00000196511,pink,TPK1
ENSG00000196526,turquoise,AFAP1
ENSG00000196532,salmon,HIST1H3C
ENSG00000196562,turquoise,SULF2
ENSG00000196565,turquoise,HBG2
ENSG00000196584,greenyellow,XRCC2
ENSG00000196586,brown,MYO6
ENSG00000196588,green,MKL1
ENSG00000196597,brown,ZNF782
ENSG00000196648,brown,GOLGA6L20
ENSG00000196664,turquoise,TLR7
ENSG00000196683,black,TOMM7
ENSG00000196689,brown,TRPV1
ENSG00000196705,brown,ZNF431
ENSG00000196724,brown,ZNF418
ENSG00000196730,purple,DAPK1
ENSG00000196743,black,GM2A
ENSG00000196747,salmon,HIST1H2AI
ENSG00000196787,salmon,HIST1H2AG
ENSG00000196792,greenyellow,STRN3
ENSG00000196865,greenyellow,NHLRC2
ENSG00000196866,salmon,HIST1H2AD
ENSG00000196872,turquoise,KIAA1211L
ENSG00000196912,brown,ANKRD36B
ENSG00000196917,turquoise,HCAR1
ENSG00000196923,turquoise,PDLIM7
ENSG00000196924,turquoise,FLNA
ENSG00000196927,brown,AC009093.1
ENSG00000196961,black,AP2A1
ENSG00000196968,purple,FUT11
ENSG00000196975,purple,ANXA4
ENSG00000196998,black,WDR45
ENSG00000197016,brown,ZNF470
ENSG00000197045,blue,GMFB
ENSG00000197061,black,HIST1H4C
ENSG00000197122,turquoise,SRC
ENSG00000197136,black,PCNXL3
ENSG00000197140,brown,ADAM32
ENSG00000197146,brown,AL133458.1
ENSG00000197150,black,ABCB8
ENSG00000197153,salmon,HIST1H3J
ENSG00000197182,brown,FLJ27365
ENSG00000197217,blue,ENTPD4
ENSG00000197238,salmon,HIST1H4J
ENSG00000197249,turquoise,SERPINA1
ENSG00000197256,turquoise,KANK2
ENSG00000197296,brown,FITM2
ENSG00000197302,brown,ZNF720
ENSG00000197321,turquoise,SVIL
ENSG00000197323,greenyellow,TRIM33
ENSG00000197324,black,LRP10
ENSG00000197329,blue,PELI1
ENSG00000197409,salmon,HIST1H3D
ENSG00000197415,turquoise,VEPH1
ENSG00000197442,turquoise,MAP3K5
ENSG00000197459,salmon,HIST1H2BH
ENSG00000197471,brown,SPN
ENSG00000197496,turquoise,SLC2A10
ENSG00000197497,brown,ZNF665
ENSG00000197562,black,RAB40C
ENSG00000197565,turquoise,COL4A6
ENSG00000197579,greenyellow,TOPORS
ENSG00000197622,black,CDC42SE1
ENSG00000197632,blue,SERPINB2
ENSG00000197697,salmon,HIST1H2BE
ENSG00000197746,black,PSAP
ENSG00000197747,turquoise,S100A10
ENSG00000197756,black,RPL37A
ENSG00000197816,brown,CCDC180
ENSG00000197837,black,HIST4H4
ENSG00000197846,salmon,HIST1H2BF
ENSG00000197847,brown,SLC22A20
ENSG00000197852,turquoise,FAM212B
ENSG00000197872,black,FAM49A
ENSG00000197914,salmon,HIST1H4K
ENSG00000197959,brown,DNM3
ENSG00000197971,turquoise,MBP
ENSG00000198000,brown,NOL8
ENSG00000198039,brown,ZNF273
ENSG00000198040,brown,ZNF84
ENSG00000198089,brown,SFI1
ENSG00000198105,brown,ZNF248
ENSG00000198113,green,TOR4A
ENSG00000198133,black,TMEM229B
ENSG00000198142,purple,SOWAHC
ENSG00000198150,brown,AC135178.1
ENSG00000198162,blue,MAN1A2
ENSG00000198169,brown,ZNF251
ENSG00000198171,black,DDRGK1
ENSG00000198242,black,RPL23A
ENSG00000198258,black,UBL5
ENSG00000198300,purple,PEG3
ENSG00000198355,black,PIM3
ENSG00000198356,black,ASNA1
ENSG00000198366,salmon,HIST1H3A
ENSG00000198373,black,WWP2
ENSG00000198374,salmon,HIST1H2AL
ENSG00000198408,brown,MGEA5
ENSG00000198420,pink,FAM115A
ENSG00000198431,blue,TXNRD1
ENSG00000198466,brown,ZNF587
ENSG00000198467,turquoise,TPM2
ENSG00000198517,black,MAFK
ENSG00000198558,salmon,HIST1H4L
ENSG00000198586,greenyellow,TLK1
ENSG00000198624,black,CCDC69
ENSG00000198625,brown,MDM4
ENSG00000198668,purple,CALM1
ENSG00000198680,purple,TUSC1
ENSG00000198695,brown,MT-ND6
ENSG00000198707,brown,CEP290
ENSG00000198712,brown,MT-CO2
ENSG00000198715,black,C1orf85
ENSG00000198727,brown,MT-CYB
ENSG00000198729,blue,PPP1R14C
ENSG00000198755,black,RPL10A
ENSG00000198763,brown,MT-ND2
ENSG00000198783,greenyellow,ZNF830
ENSG00000198786,brown,MT-ND5
ENSG00000198792,black,TMEM184B
ENSG00000198804,brown,MT-CO1
ENSG00000198814,turquoise,GK
ENSG00000198815,blue,FOXJ3
ENSG00000198826,pink,ARHGAP11A
ENSG00000198832,turquoise,SELM
ENSG00000198841,black,KTI12
ENSG00000198843,black,SELT
ENSG00000198886,brown,MT-ND4
ENSG00000198887,brown,SMC5
ENSG00000198888,brown,MT-ND1
ENSG00000198899,brown,MT-ATP6
ENSG00000198901,pink,PRC1
ENSG00000198911,green,SREBF2
ENSG00000198918,black,RPL39
ENSG00000198925,black,ATG9A
ENSG00000198931,black,APRT
ENSG00000198948,blue,MFAP3L
ENSG00000198951,black,NAGA
ENSG00000198959,black,TGM2
ENSG00000198964,black,SGMS1
ENSG00000203306,brown,AP001007.1
ENSG00000203326,black,ZNF525
ENSG00000203414,brown,BTBD7P1
ENSG00000203435,brown,AC104600.1
ENSG00000203589,brown,RP5-886K2.1
ENSG00000203705,brown,TATDN3
ENSG00000203710,turquoise,CR1
ENSG00000203811,salmon,HIST2H3C
ENSG00000203813,salmon,HIST1H3H
ENSG00000203814,salmon,HIST2H2BF
ENSG00000203857,black,HSD3B1
ENSG00000203883,green,SOX18
ENSG00000203995,brown,ZYG11A
ENSG00000204010,turquoise,IFIT1B
ENSG00000204103,turquoise,MAFB
ENSG00000204128,black,C2orf72
ENSG00000204136,green,GGTA1P
ENSG00000204152,greenyellow,TIMM23B
ENSG00000204160,black,ZDHHC18
ENSG00000204172,brown,AGAP10
ENSG00000204219,turquoise,TCEA3
ENSG00000204316,black,MRPL38
ENSG00000204323,black,SMIM5
ENSG00000204370,black,SDHD
ENSG00000204406,greenyellow,MBD5
ENSG00000204410,brown,MSH5
ENSG00000204514,brown,ZNF814
ENSG00000204531,brown,POU5F1
ENSG00000204604,black,ZNF468
ENSG00000204628,black,GNB2L1
ENSG00000204790,brown,CBWD6
ENSG00000204794,brown,PGM5P1
ENSG00000204842,brown,ATXN2
ENSG00000204852,brown,TCTN1
ENSG00000204909,brown,SPINK9
ENSG00000204923,brown,FBXO48
ENSG00000204941,blue,PSG5
ENSG00000205047,brown,FLJ00104
ENSG00000205060,pink,SLC35B4
ENSG00000205086,brown,C2orf91
ENSG00000205155,black,PSENEN
ENSG00000205176,brown,REXO1L1P
ENSG00000205189,greenyellow,ZBTB10
ENSG00000205213,blue,LGR4
ENSG00000205220,black,PSMB10
ENSG00000205221,turquoise,VIT
ENSG00000205464,brown,ATP6AP1L
ENSG00000205542,green,TMSB4X
ENSG00000205581,greenyellow,HMGN1
ENSG00000205707,greenyellow,LYRM5
ENSG00000205758,brown,CRYZL1
ENSG00000205791,brown,LOH12CR2
ENSG00000205808,blue,PPAPDC2
ENSG00000205918,brown,PDPK2
ENSG00000205929,brown,C21orf62
ENSG00000205978,green,NYNRIN
ENSG00000206047,turquoise,DEFA1
ENSG00000206082,brown,LINC01002
ENSG00000206120,brown,EGFEM1P
ENSG00000206149,brown,HERC2P9
ENSG00000206172,turquoise,HBA1
ENSG00000206527,turquoise,PTPLB
ENSG00000206530,brown,WDR52
ENSG00000206538,blue,VGLL3
ENSG00000206557,turquoise,TRIM71
ENSG00000206579,brown,XKR4
ENSG00000211448,turquoise,DIO2
ENSG00000211451,brown,GNRHR2
ENSG00000212907,brown,MT-ND4L
ENSG00000213062,blue,AL021068.1
ENSG00000213064,brown,SFT2D2
ENSG00000213073,brown,RP11-288H12.3
ENSG00000213121,brown,AL590867.1
ENSG00000213186,pink,TRIM59
ENSG00000213218,blue,CSH2
ENSG00000213246,black,SUPT4H1
ENSG00000213366,brown,GSTM2
ENSG00000213411,brown,RBM22P2
ENSG00000213619,black,NDUFS3
ENSG00000213622,brown,AL163952.1
ENSG00000213639,blue,PPP1CB
ENSG00000213699,black,SLC35F6
ENSG00000213741,black,RPS29
ENSG00000213799,blue,ZNF845
ENSG00000213853,black,EMP2
ENSG00000213859,purple,KCTD11
ENSG00000213888,brown,AC005003.1
ENSG00000213903,brown,LTB4R
ENSG00000213923,purple,CSNK1E
ENSG00000213934,turquoise,HBG1
ENSG00000213977,black,TAX1BP3
ENSG00000213988,brown,ZNF90
ENSG00000214029,brown,ZNF891
ENSG00000214135,brown,AC024560.3
ENSG00000214188,brown,ST7-OT4
ENSG00000214189,brown,ZNF788
ENSG00000214279,brown,RP11-108K14.4
ENSG00000214367,brown,HAUS3
ENSG00000214530,black,STARD10
ENSG00000214645,brown,AL162389.1
ENSG00000214765,brown,SEPT7P2
ENSG00000214776,brown,RP11-726G1.1
ENSG00000214787,brown,MS4A4E
ENSG00000215021,black,PHB2
ENSG00000215126,brown,CBWD7
ENSG00000215146,brown,RP11-313J2.1
ENSG00000215158,brown,RP11-1023L17.1
ENSG00000215421,brown,ZNF407
ENSG00000215504,brown,AP000974.1
ENSG00000215788,brown,TNFRSF25
ENSG00000215883,brown,CYB5RL
ENSG00000216895,brown,AC009403.2
ENSG00000217120,brown,RP1-76C18.1
ENSG00000217801,brown,RP11-465B22.3
ENSG00000218336,pink,TENM3
ENSG00000218416,blue,AC110619.2
ENSG00000219626,brown,FAM228B
ENSG00000221826,black,PSG3
ENSG00000221944,brown,TIGD1
ENSG00000221947,brown,XKR9
ENSG00000221955,turquoise,SLC12A8
ENSG00000221963,turquoise,APOL6
ENSG00000221978,brown,CCNL2
ENSG00000221983,black,UBA52
ENSG00000223709,brown,TRIM64EP
ENSG00000223756,brown,TSSC2
ENSG00000223959,brown,AFG3L1P
ENSG00000224051,black,GLTPD1
ENSG00000224838,brown,FKSG52
ENSG00000225151,brown,GOLGA2P7
ENSG00000225241,brown,RP11-640M9.2
ENSG00000225345,brown,SNX18P3
ENSG00000225373,brown,WASH5P
ENSG00000225485,pink,ARHGAP23
ENSG00000225663,black,FAM195B
ENSG00000225892,brown,RP11-384K6.2
ENSG00000226356,brown,RPS6P20
ENSG00000226789,brown,AC110926.4
ENSG00000227184,turquoise,EPPK1
ENSG00000227500,black,SCAMP4
ENSG00000227558,brown,PGM5P2
ENSG00000227671,brown,MIR3916
ENSG00000228253,brown,MT-ATP8
ENSG00000228716,pink,DHFR
ENSG00000228782,brown,MRPL45P2
ENSG00000229089,brown,ANKRD20A8P
ENSG00000229117,black,RPL41
ENSG00000229186,brown,ADAM1A
ENSG00000229676,brown,ZNF492
ENSG00000229816,brown,DDX50P1
ENSG00000230006,brown,ANKRD36BP2
ENSG00000230267,brown,HERC2P4
ENSG00000230409,brown,TCEA1P2
ENSG00000230715,brown,RP11-274B21.4
ENSG00000231256,brown,C17orf105
ENSG00000232774,brown,RP11-47I22.3
ENSG00000233224,salmon,HIST1H2AM
ENSG00000233264,brown,AC006042.8
ENSG00000233680,blue,HNRNPA1P27
ENSG00000233822,salmon,HIST1H2BN
ENSG00000234420,brown,ZNF37BP
ENSG00000234545,brown,FAM133B
ENSG00000234769,brown,WASH4P
ENSG00000235162,turquoise,C12orf75
ENSG00000235194,brown,PPP1R3E
ENSG00000235370,brown,DNM1P51
ENSG00000235568,turquoise,NFAM1
ENSG00000235920,brown,AC073109.2
ENSG00000236287,greenyellow,ZBED5
ENSG00000236539,brown,HNRNPA1P54
ENSG00000236882,brown,C5orf27
ENSG00000237330,purple,RNF223
ENSG00000237515,brown,SHISA9
ENSG00000238105,brown,GOLGA2P5
ENSG00000238208,brown,RP11-112N13.1
ENSG00000239305,blue,RNF103
ENSG00000239665,brown,RP11-295P9.3
ENSG00000239672,pink,NME1
ENSG00000239839,turquoise,DEFA3
ENSG00000240184,green,PCDHGC3
ENSG00000240429,brown,LRRFIP1P1
ENSG00000240694,brown,PNMA2
ENSG00000240695,brown,RP11-102M11.1
ENSG00000240771,turquoise,ARHGEF25
ENSG00000240972,black,MIF
ENSG00000241553,black,ARPC4
ENSG00000241837,black,ATP5O
ENSG00000241839,black,PLEKHO2
ENSG00000241847,brown,VDAC1P8
ENSG00000241852,purple,C8orf58
ENSG00000242013,blue,USP27X
ENSG00000242028,brown,HYPK
ENSG00000242265,pink,PEG10
ENSG00000242267,brown,SKINTL
ENSG00000242294,brown,STAG3L5P
ENSG00000242372,black,EIF6
ENSG00000242588,brown,RP11-274B21.1
ENSG00000242676,brown,ANKRD20A12P
ENSG00000242950,greenyellow,ERVW-1
ENSG00000243130,black,PSG11
ENSG00000243156,purple,MICAL3
ENSG00000243716,brown,NPIPB5
ENSG00000243811,brown,APOBEC3D
ENSG00000244038,black,DDOST
ENSG00000244187,black,TMEM141
ENSG00000244405,black,ETV5
ENSG00000244627,brown,RP3-449O17.1
ENSG00000244754,brown,N4BP2L2
ENSG00000245958,brown,RP11-33B1.1
ENSG00000246366,brown,RP11-382J12.1
ENSG00000246922,brown,UBAP1L
ENSG00000247121,brown,CTD-2260A17.2
ENSG00000248098,black,BCKDHA
ENSG00000248334,brown,WHAMMP2
ENSG00000248458,brown,AL139147.1
ENSG00000248483,brown,POU5F2
ENSG00000248503,brown,RP5-1000K24.2
ENSG00000248527,brown,MTATP6P1
ENSG00000248835,brown,AL357673.1
ENSG00000248874,brown,C5orf17
ENSG00000249240,greenyellow,AC069368.3
ENSG00000250067,brown,YJEFN3
ENSG00000250127,brown,CTD-2117L12.1
ENSG00000250462,brown,LRRC37BP1
ENSG00000250479,black,CHCHD10
ENSG00000250506,brown,CDK3
ENSG00000250517,brown,LDHAL6CP
ENSG00000250771,brown,RP11-153M7.3
ENSG00000251192,brown,ZNF674
ENSG00000251201,black,TMED7-TICAM2
ENSG00000251209,brown,LINC00923
ENSG00000251348,brown,HSPD1P11
ENSG00000251369,brown,ZNF550
ENSG00000251474,brown,RPL32P3
ENSG00000253183,brown,RP4-701O16.5
ENSG00000253245,brown,MTND1P36
ENSG00000253368,turquoise,TRNP1
ENSG00000253882,purple,RP11-61L23.2
ENSG00000254004,greenyellow,ZNF260
ENSG00000254087,purple,LYN
ENSG00000254470,black,AP5B1
ENSG00000254565,brown,MTND2P26
ENSG00000254634,brown,RP11-231C14.3
ENSG00000254772,black,EEF1G
ENSG00000254931,brown,RP11-37O16.6
ENSG00000254962,brown,OR4A14P
ENSG00000254979,turquoise,RP11-872D17.8
ENSG00000254986,salmon,DPP3
ENSG00000255350,brown,RP11-37O16.3
ENSG00000255735,blue,AC110619.1
ENSG00000256018,salmon,HIST1H3G
ENSG00000256316,salmon,HIST1H3F
ENSG00000257122,brown,RRN3P3
ENSG00000257315,blue,ZBED6
ENSG00000257365,black,FNTB
ENSG00000257608,brown,GRAMD4P3
ENSG00000257727,black,CNPY2
ENSG00000257950,brown,P2RX5-TAX1BP3
ENSG00000257966,brown,OLA1P3
ENSG00000258315,black,C17orf49
ENSG00000258472,brown,RP11-192H23.4
ENSG00000258679,brown,RP11-74M13.4
ENSG00000258818,turquoise,RNASE4
ENSG00000259295,brown,CSPG4P12
ENSG00000259571,brown,BLID
ENSG00000259752,brown,FKSG62
ENSG00000260103,brown,RP11-10O17.1
ENSG00000260266,turquoise,CTD-2311M21.2
ENSG00000260644,brown,HERC2P5
ENSG00000261556,brown,RP11-296I10.6
ENSG00000261732,brown,LA16c-431H6.6
ENSG00000261884,brown,CTC-479C5.12
ENSG00000262246,black,CORO7
ENSG00000262664,black,OVCA2
ENSG00000263002,brown,ZNF234
ENSG00000263006,brown,ROCK1P1
ENSG00000263606,brown,RP11-737O24.3
ENSG00000263647,brown,RP11-927P21.5
ENSG00000265417,brown,RP11-288C17.1
ENSG00000266820,brown,RP13-104F24.1
ENSG00000267680,brown,ZNF224
ENSG00000267906,brown,AC073333.1
ENSG00000268156,brown,FKSG61
ENSG00000269449,brown,AC002451.1
ENSG00000269468,brown,AC004824.2
ENSG00000269501,brown,RP11-353N4.6
ENSG00000269633,brown,AC017081.1
ENSG00000269657,brown,AC079210.1
ENSG00000269699,purple,ZIM2
ENSG00000269746,brown,AC009060.1
ENSG00000269774,brown,AC005399.1
ENSG00000269858,black,EGLN2
ENSG00000271519,brown,RP11-307A17.2
ENSG00000272414,blue,FAM47E-STBD1
ENSG00000272578,brown,AP000347.2
ENSG00000272647,black,GS1-259H13.10
ENSG00000272658,brown,LTB4R2
ENSG00000273173,green,SNURF
ENSG00000273274,brown,ZBTB8B
